datum;wahl;ags;gebiet-nr;gebiet-name;max-schnellmeldungen;anz-schnellmeldungen;A;A1;A2;A3;B;B1;C;D;E;F;D1;F1;D2;F2;D3;F3;D4;F4;D5;F5;D6;F6;D7;F7;D8;F8;D9;F9;D10;F10;D11;F11;D12;F12;D13;F13;D14;F14;D15;F15;D16;F16;D17;F17;D18;F18;D19;F19;D20;F20;D21;F21;D22;F22;D23;F23;D24;F24;D25;F25
08.10.2023;Landtagswahl 2023;06411000;10;00010 - Stadtverwaltung;1;1;825;585;240;0;279;3;0;279;0;279;48;51;74;75;39;31;25;25;15;14;31;31;5;4;;5;5;2;5;3;;2;;0;;4;7;7;;1;0;0;;1;;0;;0;21;20;;3;4;;;;;;;
08.10.2023;Landtagswahl 2023;06411000;20;00020 - Justus-Liebig-Haus;1;1;746;521;225;0;242;6;1;241;1;241;29;25;71;73;42;40;16;15;13;15;25;29;7;7;;2;3;2;2;0;;3;;0;;1;1;1;;0;1;0;;0;;2;;1;27;22;;3;4;;;;;;;
08.10.2023;Landtagswahl 2023;06411000;30;00030 - Justus-Liebig-Haus;1;1;633;452;181;0;245;1;2;243;1;244;31;36;90;96;39;33;15;13;7;8;21;17;5;5;;3;5;6;3;0;;1;;0;;2;1;1;;0;0;0;;1;;0;;0;22;20;;2;4;;;;;;;
08.10.2023;Landtagswahl 2023;06411000;40;00040 - Stadtverwaltung;1;1;748;538;210;0;269;1;2;267;0;269;43;36;71;71;45;38;28;29;15;20;28;31;4;4;;6;5;3;2;3;;0;;0;;1;1;2;;1;0;1;;1;;0;;0;24;20;;2;1;;;;;;;
08.10.2023;Landtagswahl 2023;06411000;50;00050 - Justus-Liebig-Haus;1;1;1024;745;279;0;280;2;3;277;2;278;45;39;82;81;42;36;29;34;12;17;25;22;7;8;;5;4;2;3;3;;2;;0;;2;3;2;;0;1;0;;1;;1;;0;22;21;;2;2;;;;;;;
08.10.2023;Landtagswahl 2023;06411000;60;00060 - Interimsgebäude Erasmus-Kittler-Schule;1;1;1142;887;255;0;341;6;1;340;1;340;67;64;90;83;47;45;41;42;17;19;29;35;2;3;;4;9;7;3;2;;1;;0;;1;7;7;;0;0;0;;0;;1;;0;25;21;;5;3;;;;;;;
08.10.2023;Landtagswahl 2023;06411000;90;00090 - Goetheschule;1;1;1338;973;365;0;502;4;7;495;7;495;73;72;169;179;88;66;34;38;18;24;54;61;5;2;;2;8;7;5;4;;1;;0;;2;0;0;;0;2;2;;3;;0;;0;38;29;;3;1;;;;;;;
08.10.2023;Landtagswahl 2023;06411000;100;00100 - Goetheschule;1;1;1098;780;318;0;544;10;5;539;4;540;76;83;229;221;71;54;41;45;25;23;29;34;7;8;;4;10;10;5;4;;0;;0;;1;1;3;;0;1;0;;4;;1;;0;41;40;;5;3;;;;;;;
08.10.2023;Landtagswahl 2023;06411000;120;00120 - Stadthaus Frankf. Str.;1;1;829;645;184;0;214;3;0;214;0;214;33;41;34;40;38;31;59;59;13;11;14;11;5;3;;1;4;3;4;3;;1;;0;;0;2;2;;1;0;0;;0;;0;;0;8;7;;0;0;;;;;;;
08.10.2023;Landtagswahl 2023;06411000;130;00130 - Ehemalige Kyritzschule;1;1;1186;818;368;0;570;10;4;566;4;566;65;59;233;224;85;83;23;28;24;27;49;59;10;8;;7;17;14;3;3;;2;;0;;3;2;3;;0;0;0;;0;;0;;0;50;42;;4;5;;;;;;;
08.10.2023;Landtagswahl 2023;06411000;140;00140 - Ehemalige Kyritzschule;1;1;798;570;228;0;341;12;5;336;5;336;39;37;127;130;61;50;18;14;5;10;32;37;4;4;;2;10;10;2;2;;0;;1;;2;3;2;;0;2;3;;3;;2;;1;32;26;;0;1;;;;;;;
08.10.2023;Landtagswahl 2023;06411000;150;00150 - Ehemalige Kyritzschule;1;1;1031;708;323;0;455;9;4;451;7;448;46;44;159;174;65;60;35;32;15;14;54;55;4;3;;5;15;7;9;5;;0;;0;;4;1;1;;0;5;6;;5;;0;;0;39;31;;2;4;;;;;;;
08.10.2023;Landtagswahl 2023;06411000;180;00180 - Schillerschule;1;1;1273;894;379;0;477;13;4;473;2;475;48;49;176;176;83;63;34;36;21;21;50;59;7;7;;9;13;14;3;1;;0;;0;;1;6;3;;0;2;3;;3;;2;;0;30;28;;0;0;;;;;;;
08.10.2023;Landtagswahl 2023;06411000;190;00190 - Schillerschule;1;1;958;671;287;0;424;1;10;414;9;415;52;48;144;137;67;61;28;29;12;12;45;53;14;11;;8;8;6;2;2;;3;;0;;4;5;4;;0;3;3;;3;;0;;0;33;31;;0;1;;;;;;;
08.10.2023;Landtagswahl 2023;06411000;200;00200 - Schillerschule;1;1;770;574;196;0;343;4;2;341;3;340;34;32;135;127;59;55;27;27;14;13;34;42;3;2;;6;10;7;1;2;;2;;0;;0;2;2;;0;1;0;;1;;0;;0;19;19;;3;2;;;;;;;
08.10.2023;Landtagswahl 2023;06411000;210;00210 - Schillerschule;1;1;1074;792;282;0;424;4;6;418;6;418;54;58;131;129;64;54;47;44;12;15;47;46;4;2;;5;6;3;4;5;;4;;0;;1;2;3;;0;1;1;;2;;0;;1;44;44;;1;2;;;;;;;
08.10.2023;Landtagswahl 2023;06411000;220;00220 - Bernhard-Adelung-Schule;1;1;1140;790;350;0;493;11;6;487;4;489;51;52;193;194;84;77;33;35;9;12;50;54;6;4;;3;11;13;6;4;;0;;0;;1;0;0;;0;2;1;;3;;3;;0;41;31;;2;1;;;;;;;
08.10.2023;Landtagswahl 2023;06411000;230;00230 - Bernhard-Adelung-Schule;1;1;1403;1013;390;0;486;5;7;479;6;480;70;69;112;122;99;70;63;66;10;17;56;66;10;3;;5;7;11;6;1;;1;;0;;3;4;2;;0;5;2;;7;;2;;0;32;31;;2;5;;;;;;;
08.10.2023;Landtagswahl 2023;06411000;240;00240 - Kiga Ev.Thomasgemeinde;1;1;1267;909;358;0;441;5;8;433;6;435;77;76;97;106;113;98;52;57;16;16;37;40;6;6;;4;9;5;3;5;;1;;0;;1;2;2;;1;0;0;;0;;1;;0;20;15;;1;1;;;;;;;
08.10.2023;Landtagswahl 2023;06411000;250;00250 - Chr.-Morgenstern-Schule;1;1;1050;733;317;0;434;10;5;429;2;432;49;50;160;176;84;61;22;25;10;16;46;55;4;6;;5;10;7;0;0;;0;;0;;0;2;1;;1;1;0;;0;;0;;0;38;26;;3;3;;;;;;;
08.10.2023;Landtagswahl 2023;06411000;260;00260 - Kiga Ev.Thomasgemeinde;1;1;819;539;280;0;419;5;2;417;5;414;134;133;112;115;54;38;39;40;22;20;17;16;6;3;;8;9;10;1;0;;2;;0;;4;1;1;;0;0;0;;2;;1;;0;21;21;;0;1;;;;;;;
08.10.2023;Landtagswahl 2023;06411000;270;00270 - Kiga Ev.Thomasgemeinde;1;1;1299;869;430;0;631;1;4;627;3;628;222;216;164;160;96;95;40;44;34;38;22;16;12;9;;9;3;5;1;1;;5;;0;;2;2;1;;0;0;1;;0;;0;;0;31;26;;0;0;;;;;;;
08.10.2023;Landtagswahl 2023;06411000;280;00280 - Abendgymnasium;1;1;1409;749;660;0;493;4;4;489;4;489;131;127;194;183;59;50;18;18;22;31;21;25;5;6;;3;5;6;2;1;;1;;0;;4;1;2;;1;0;0;;5;;0;;0;29;24;;2;2;;;;;;;
08.10.2023;Landtagswahl 2023;06411000;290;00290 - Abendgymnasium;1;1;981;606;375;0;341;3;4;337;2;339;64;67;109;98;67;58;24;25;16;18;22;32;2;3;;8;9;7;4;2;;1;;0;;1;2;2;;0;1;2;;0;;1;;0;16;12;;2;1;;;;;;;
08.10.2023;Landtagswahl 2023;06411000;310;00310 - Abendgymnasium;1;1;1272;940;332;0;475;5;5;470;2;473;73;80;127;115;78;72;50;51;27;32;35;41;12;6;;9;7;3;6;4;;6;;0;;7;2;3;;1;1;0;;2;;0;;0;47;38;;3;5;;;;;;;
08.10.2023;Landtagswahl 2023;06411000;320;00320 - Abendgymnasium;1;1;1286;846;440;0;537;23;4;533;1;536;78;80;184;181;89;76;43;45;16;21;45;61;13;11;;7;12;10;1;2;;2;;0;;2;5;5;;0;3;1;;2;;0;;0;38;27;;3;6;;;;;;;
08.10.2023;Landtagswahl 2023;06411000;330;00330 - Abendgymnasium;1;1;1290;883;407;0;504;13;3;501;0;504;68;75;156;166;89;74;49;49;20;17;50;50;9;10;;9;6;4;1;0;;3;;0;;4;2;0;;1;3;3;;5;;0;;0;43;31;;3;5;;;;;;;
08.10.2023;Landtagswahl 2023;06411000;340;00340 - Elly-Heuss-Knapp-Schule;1;1;1186;776;410;0;527;11;4;523;4;523;122;130;139;138;89;68;56;56;30;34;28;36;9;7;;5;5;1;3;2;;3;;0;;1;1;2;;0;2;0;;1;;0;;0;37;38;;1;2;;;;;;;
08.10.2023;Landtagswahl 2023;06411000;350;00350 - Elly-Heuss-Knapp-Schule;1;1;1192;909;283;0;506;7;8;498;5;501;93;100;143;152;95;80;38;43;14;15;39;44;14;9;;5;7;6;2;3;;1;;0;;2;2;1;;0;3;0;;1;;1;;1;44;33;;4;4;;;;;;;
08.10.2023;Landtagswahl 2023;06411000;370;00370 - Käthe-Kollwitz-Schule;1;1;1340;997;343;0;476;1;11;465;11;465;105;115;88;92;110;79;72;78;15;19;24;27;13;10;;7;10;5;4;4;;0;;0;;0;6;6;;0;1;1;;2;;0;;0;14;17;;3;3;;;;;;;
08.10.2023;Landtagswahl 2023;06411000;380;00380 - Käthe-Kollwitz-Schule;1;1;953;569;384;0;300;3;3;297;1;299;48;44;80;92;56;46;50;54;23;26;8;9;8;7;;1;3;5;1;1;;2;;0;;0;3;3;;0;1;0;;1;;0;;0;16;8;;0;0;;;;;;;
08.10.2023;Landtagswahl 2023;06411000;390;00390 - Käthe-Kollwitz-Schule;1;1;1256;1016;240;0;433;3;8;425;10;423;96;100;83;85;72;58;93;92;15;13;25;25;13;15;;8;4;4;3;1;;1;;1;;1;4;2;;0;0;0;;3;;0;;0;11;11;;3;6;;;;;;;
08.10.2023;Landtagswahl 2023;06411000;411;00411 - Erich Kästner-Schule;1;1;952;694;258;0;453;6;3;450;2;451;35;33;197;205;84;66;42;44;4;7;33;49;7;6;;1;6;2;1;1;;0;;0;;0;4;2;;0;2;0;;3;;3;;0;32;27;;2;3;;;;;;;
08.10.2023;Landtagswahl 2023;06411000;412;00412 - Erich Kästner-Schule;1;1;755;569;186;0;256;5;4;252;3;253;43;43;79;70;51;49;49;47;11;13;9;18;0;1;;2;2;2;3;1;;0;;1;;0;0;0;;0;0;0;;1;;0;;0;5;5;;0;0;;;;;;;
08.10.2023;Landtagswahl 2023;06411000;413;00413 - Familienzentrum;1;1;902;571;331;0;254;2;4;250;6;248;50;41;81;85;47;44;29;31;4;5;17;16;9;10;;1;1;0;2;2;;1;;0;;1;0;0;;0;0;0;;1;;0;;0;10;9;;1;0;;;;;;;
08.10.2023;Landtagswahl 2023;06411000;421;00421 - Erich Kästner-Schule;1;1;1111;896;215;0;332;1;4;328;4;328;77;79;28;24;50;48;117;119;10;10;26;27;3;3;;0;3;3;3;3;;0;;0;;0;1;0;;0;3;2;;1;;1;;0;7;7;;1;0;;;;;;;
08.10.2023;Landtagswahl 2023;06411000;422;00422 - Erich Kästner-Schule;1;1;900;676;224;0;269;0;4;265;1;268;68;66;65;65;40;35;36;36;14;19;20;21;1;1;;3;1;2;3;2;;0;;0;;0;2;2;;3;1;0;;1;;1;;0;13;11;;0;1;;;;;;;
08.10.2023;Landtagswahl 2023;06411000;431;00431 - Kinderhort, Jägertorstr.;1;1;1045;840;205;0;362;4;5;357;7;355;73;66;60;62;69;69;75;78;15;16;25;26;10;9;;4;7;4;3;2;;0;;0;;0;0;0;;0;2;2;;1;;1;;0;17;13;;2;1;;;;;;;
08.10.2023;Landtagswahl 2023;06411000;432;00432 - Erich Kästner-Schule;1;1;943;707;236;0;434;5;12;422;12;422;112;101;86;85;84;75;85;88;10;16;17;27;3;3;;2;4;4;0;1;;3;;0;;1;1;1;;0;2;1;;1;;1;;0;17;12;;0;1;;;;;;;
08.10.2023;Landtagswahl 2023;06411000;440;00440 - Kinderhort, Jägertorstr.;1;1;715;487;228;0;275;6;11;264;3;272;57;57;48;44;56;52;49;53;7;10;20;18;12;11;;5;4;4;0;0;;0;;0;;6;0;1;;0;0;0;;2;;1;;0;11;7;;1;0;;;;;;;
08.10.2023;Landtagswahl 2023;06411000;450;00450 - Stadtteilschule Arheilg.;1;1;1233;931;302;0;468;6;8;460;8;460;119;109;94;100;93;78;74;78;12;22;15;18;12;12;;2;7;5;3;3;;1;;1;;4;5;5;;1;0;0;;6;;0;;0;23;15;;0;3;;;;;;;
08.10.2023;Landtagswahl 2023;06411000;460;00460 - Stadtteilschule Arheilg.;1;1;1179;843;336;0;519;4;11;508;10;509;160;152;89;93;117;100;67;71;13;17;23;28;11;8;;3;7;6;2;3;;2;;0;;5;5;2;;0;2;2;;2;;0;;0;12;14;;1;0;;;;;;;
08.10.2023;Landtagswahl 2023;06411000;481;00481 - Astrid-Lindgren-Schule;1;1;1136;764;372;0;451;7;9;442;7;444;127;123;100;108;82;64;57;69;13;18;24;17;12;12;;2;4;2;1;2;;0;;1;;4;3;4;;0;1;1;;1;;0;;1;17;12;;3;1;;;;;;;
08.10.2023;Landtagswahl 2023;06411000;482;00482 - Wilhelm-Busch-Schule;1;1;1250;933;317;0;491;3;13;478;13;478;104;113;92;94;101;76;90;93;29;31;15;20;14;9;;4;4;5;4;1;;1;;0;;4;2;3;;1;1;0;;3;;0;;1;21;19;;0;1;;;;;;;
08.10.2023;Landtagswahl 2023;06411000;483;00483 - Wilhelm-Busch-Schule;1;1;1065;765;300;0;433;8;6;427;5;428;156;151;74;82;82;65;54;58;21;29;17;12;4;5;;2;1;6;0;0;;2;;0;;0;0;1;;0;0;0;;0;;0;;0;17;14;;1;1;;;;;;;
08.10.2023;Landtagswahl 2023;06411000;490;00490 - Astrid-Lindgren-Schule;1;1;909;637;272;0;444;1;4;440;3;441;104;113;109;111;111;86;61;64;10;13;12;14;4;8;;5;8;8;1;0;;0;;0;;4;1;0;;0;1;1;;1;;0;;1;18;12;;0;0;;;;;;;
08.10.2023;Landtagswahl 2023;06411000;500;00500 - Astrid-Lindgren-Schule;1;1;947;679;268;0;433;9;4;429;4;429;103;95;79;98;112;94;65;68;12;17;19;17;8;7;;7;8;2;2;2;;1;;0;;3;1;0;;1;1;1;;2;;0;;0;17;13;;1;2;;;;;;;
08.10.2023;Landtagswahl 2023;06411000;510;00510 - Astrid-Lindgren-Schule;1;1;776;551;225;0;308;58;5;303;6;302;56;56;54;57;69;61;56;57;9;11;26;20;5;4;;8;3;4;4;3;;0;;0;;3;2;2;;0;1;0;;0;;0;;0;17;15;;1;1;;;;;;;
08.10.2023;Landtagswahl 2023;06411000;521;00521 - Wilhelm-Busch-Schule;1;1;786;555;231;0;363;1;4;359;6;357;111;107;65;69;65;59;62;57;19;23;15;17;7;6;;1;2;3;3;3;;1;;0;;2;0;1;;0;0;0;;2;;0;;0;9;4;;2;1;;;;;;;
08.10.2023;Landtagswahl 2023;06411000;522;00522 - Wilhelm-Busch-Schule;1;1;801;593;208;0;338;2;7;331;9;329;87;87;61;73;73;54;61;60;13;12;10;12;5;3;;3;9;8;1;0;;3;;0;;0;1;2;;0;0;0;;0;;1;;0;9;11;;0;1;;;;;;;
08.10.2023;Landtagswahl 2023;06411000;530;00530 - Freiwillige Feuerwehr DA-Arheilgen;1;1;1188;888;300;0;466;6;3;463;5;461;123;124;74;78;105;78;79;84;19;20;15;23;14;14;;3;7;5;8;8;;6;;1;;3;1;2;;1;1;1;;0;;0;;0;13;10;;0;4;;;;;;;
08.10.2023;Landtagswahl 2023;06411000;540;00540 - Alice-Eleonoren-Schule (Kapellplatz);1;1;751;534;217;0;257;4;1;256;0;257;52;51;64;71;51;47;20;19;6;7;21;24;2;3;;4;2;1;3;2;;0;;0;;2;3;0;;0;0;0;;1;;1;;0;31;24;;0;1;;;;;;;
08.10.2023;Landtagswahl 2023;06411000;550;00550 - Alice-Eleonoren-Schule (Kapellplatz);1;1;1209;851;358;0;452;9;3;449;2;450;76;77;136;132;90;82;40;42;22;29;30;38;4;4;;1;7;4;2;1;;2;;0;;1;3;2;;0;1;1;;0;;1;;1;35;30;;2;3;;;;;;;
08.10.2023;Landtagswahl 2023;06411000;560;00560 - Alice-Eleonoren-Schule (Kapellplatz);1;1;1182;801;381;0;407;14;1;406;2;405;78;80;108;114;72;56;37;39;18;21;33;35;10;10;;7;8;6;5;3;;3;;0;;2;2;1;;0;1;1;;2;;0;;0;30;23;;2;4;;;;;;;
08.10.2023;Landtagswahl 2023;06411000;570;00570 - Heinrich-Hoffmann-Schule;1;1;1070;776;294;0;454;8;2;452;2;452;85;87;124;136;88;70;41;44;17;19;37;41;7;8;;5;6;3;6;4;;2;;0;;0;0;0;;0;1;0;;1;;0;;0;36;30;;2;4;;;;;;;
08.10.2023;Landtagswahl 2023;06411000;580;00580 - Heinrich-Hoffmann-Schule;1;1;957;669;288;0;411;7;9;402;9;402;59;64;133;132;88;77;28;26;15;13;31;35;9;10;;6;10;9;6;3;;1;;0;;2;1;0;;0;0;0;;4;;0;;1;22;18;;1;0;;;;;;;
08.10.2023;Landtagswahl 2023;06411000;600;00600 - Georg-Büchner-Schule;1;1;1503;989;514;0;663;6;10;653;10;653;176;175;184;207;157;73;36;38;30;43;31;46;19;10;;9;;5;;4;;0;;1;;1;;4;;0;;0;;2;0;0;;0;16;34;;1;4;;;;;;;
08.10.2023;Landtagswahl 2023;06411000;610;00610 - Alice-Eleonoren-Schule;1;1;1340;868;472;0;663;8;5;658;3;660;226;227;159;189;157;81;36;42;33;49;18;24;12;10;;3;;6;;2;;0;;0;;0;;1;;3;;0;;2;1;2;;0;16;19;;0;0;;;;;;;
08.10.2023;Landtagswahl 2023;06411000;620;00620 - Lichtenbergschule;1;1;1030;710;320;0;501;3;3;498;3;498;147;150;127;147;116;63;42;46;24;27;22;24;6;4;;3;;4;;1;;1;;0;;0;;1;;1;;0;;2;2;2;;0;12;22;;0;0;;;;;;;
08.10.2023;Landtagswahl 2023;06411000;630;00630 - Herderschule;1;1;949;634;315;0;448;9;5;443;3;445;79;79;131;180;152;58;21;20;11;17;22;33;10;10;;3;;6;;2;;2;;0;;2;;2;;0;;0;;3;2;1;;0;15;27;;0;0;;;;;;;
08.10.2023;Landtagswahl 2023;06411000;640;00640 - Herderschule;1;1;1095;766;329;0;509;13;8;501;6;503;67;74;151;161;129;63;50;48;22;26;39;52;10;7;;11;;5;;2;;5;;1;;2;;2;;0;;2;;6;2;1;;1;28;32;;2;3;;;;;;;
08.10.2023;Landtagswahl 2023;06411000;650;00650 - Lichtenbergschule;1;1;1137;780;357;0;338;8;6;332;7;331;53;53;99;106;85;41;38;39;10;15;34;38;6;7;;3;;0;;6;;0;;1;;3;;0;;0;;0;;1;1;0;;0;5;16;;2;1;;;;;;;
08.10.2023;Landtagswahl 2023;06411000;660;00660 - Herderschule;1;1;1057;729;328;0;496;10;6;490;8;488;70;80;140;166;125;59;42;41;24;28;43;50;13;9;;4;;5;;6;;1;;0;;3;;1;;0;;0;;4;1;1;;0;30;29;;1;2;;;;;;;
08.10.2023;Landtagswahl 2023;06411000;680;00680 - Mornewegschule (Schulcontainer);1;1;1279;844;435;0;609;4;5;604;4;605;120;110;170;201;187;122;42;43;23;30;32;48;11;6;;3;;3;;3;;3;;0;;2;;3;;1;;0;;2;1;0;;0;18;24;;1;0;;;;;;;
08.10.2023;Landtagswahl 2023;06411000;690;00690 - Mornewegschule (Schulcontainer);1;1;1210;856;354;0;515;14;7;508;5;510;106;113;145;148;99;82;52;53;24;31;23;22;12;10;;3;8;4;1;1;;0;;1;;3;2;3;;1;1;1;;3;;0;;0;32;30;;1;3;;;;;;;
08.10.2023;Landtagswahl 2023;06411000;710;00710 - Georg-Moller-Haus;1;1;1081;831;250;0;466;7;8;458;8;458;75;75;114;110;91;83;51;50;18;20;47;51;8;10;;3;12;11;7;6;;1;;1;;2;0;2;;2;0;0;;1;;0;;0;31;25;;5;4;;;;;;;
08.10.2023;Landtagswahl 2023;06411000;720;00720 - Mornewegschule (Schulcontainer);1;1;1232;882;350;0;366;3;10;356;7;359;46;46;110;106;73;69;48;50;17;21;20;18;8;8;;6;5;5;0;0;;0;;0;;6;1;1;;0;0;0;;2;;0;;0;25;18;;3;3;;;;;;;
08.10.2023;Landtagswahl 2023;06411000;730;00730 - Heinrich-Heine-Schule;1;1;1364;982;382;0;550;9;8;542;9;541;85;86;160;176;138;92;44;47;19;21;55;47;13;5;;7;;6;;1;;5;;1;;2;;4;;0;;1;;5;0;1;;1;28;32;;1;0;;;;;;;
08.10.2023;Landtagswahl 2023;06411000;750;00750 - Heinrich-Heine-Schule;1;1;890;699;191;0;310;2;7;303;1;309;77;76;52;52;61;41;56;64;11;14;22;23;10;5;;7;;0;;2;;0;;1;;3;;0;;2;;1;;1;0;0;;1;14;16;;0;0;;;;;;;
08.10.2023;Landtagswahl 2023;06411000;760;00760 - Heinrich-Heine-Schule;1;1;1090;848;242;0;493;10;12;481;11;482;88;100;111;114;133;83;66;67;16;16;24;24;19;13;;10;;4;;4;;5;;1;;3;;0;;0;;0;;5;0;0;;0;20;32;;1;4;;;;;;;
08.10.2023;Landtagswahl 2023;06411000;780;00780 - Wilhelm-Leuschner-Schule;1;1;1502;1100;402;0;557;17;8;549;9;548;111;101;118;130;122;80;90;94;14;22;46;51;16;8;;3;;10;;1;;3;;0;;5;;3;;1;;1;;1;1;1;;0;28;30;;3;3;;;;;;;
08.10.2023;Landtagswahl 2023;06411000;790;00790 - Wilhelm-Leuschner-Schule;1;1;1237;873;364;0;450;4;5;445;4;446;93;92;126;122;100;65;49;51;18;19;23;26;22;14;;7;;8;;5;;1;;0;;3;;6;;0;;0;;4;0;0;;0;13;20;;3;1;;;;;;;
08.10.2023;Landtagswahl 2023;06411000;800;00800 - Verwaltungsseminar;1;1;1388;1016;372;0;413;9;5;408;3;410;67;52;132;133;87;59;40;49;22;25;27;28;12;10;;3;;0;;6;;3;;0;;2;;6;;0;;0;;0;0;0;;0;21;31;;3;0;;;;;;;
08.10.2023;Landtagswahl 2023;06411000;810;00810 - Verwaltungsseminar;1;1;906;665;241;0;313;4;3;310;3;310;63;53;105;109;46;26;27;34;18;26;19;18;8;4;;2;;2;;5;;0;;0;;4;;2;;1;;0;;2;0;0;;0;22;20;;2;2;;;;;;;
08.10.2023;Landtagswahl 2023;06411000;820;00820 - Friedrich-Ebert-Schule;1;1;1106;737;369;0;483;7;12;471;11;472;128;134;76;107;153;82;69;80;18;18;5;12;11;6;;7;;3;;0;;0;;0;;0;;1;;0;;2;;0;0;1;;0;8;17;;2;3;;;;;;;
08.10.2023;Landtagswahl 2023;06411000;831;00831 - Friedrich-Ebert-Schule;1;1;750;532;218;0;338;3;4;334;3;335;90;95;39;41;96;70;72;73;12;11;16;18;6;5;;5;;3;;1;;2;;1;;1;;0;;1;;0;;0;0;0;;0;3;6;;2;0;;;;;;;
08.10.2023;Landtagswahl 2023;06411000;832;00832 - Friedrich-Ebert-Schule;1;1;799;652;147;0;327;1;9;318;8;319;83;80;39;54;77;48;58;63;22;26;19;15;8;6;;3;;3;;1;;1;;0;;0;;0;;0;;1;;3;0;0;;1;9;10;;4;3;;;;;;;
08.10.2023;Landtagswahl 2023;06411000;840;00840 - Friedrich-Ebert-Schule;1;1;1391;932;459;0;619;5;17;602;17;602;158;173;96;121;169;95;90;102;29;35;24;25;17;11;;6;;7;;3;;0;;0;;3;;0;;0;;0;;2;2;1;;0;15;14;;4;2;;;;;;;
08.10.2023;Landtagswahl 2023;06411000;850;00850 - Friedrich-Ebert-Schule;1;1;1158;814;344;0;447;8;11;436;13;434;125;134;54;65;121;73;74;82;18;18;15;16;15;10;;5;;5;;2;;2;;0;;1;;1;;1;;0;;1;0;0;;0;13;18;;0;1;;;;;;;
08.10.2023;Landtagswahl 2023;06411000;860;00860 - Ehem. Außenst. Georg-Aug.-Zinn-Sch.;1;1;948;666;282;0;374;3;7;367;3;371;120;128;40;47;84;64;69;70;16;14;6;9;12;9;;6;5;4;0;1;;0;;0;;2;1;1;;0;0;0;;1;;1;;0;13;13;;1;1;;;;;;;
08.10.2023;Landtagswahl 2023;06411000;870;00870 - Ehem. Außenst. Georg-Aug.-Zinn-Sch.;1;1;726;541;185;0;295;8;10;285;11;284;82;68;33;44;66;58;62;65;13;15;4;9;10;5;;10;3;0;3;1;;0;;0;;1;3;3;;0;0;0;;2;;0;;0;5;2;;1;1;;;;;;;
08.10.2023;Landtagswahl 2023;06411000;880;00880 - Zinn-Schule, Brechtstr.;1;1;1319;974;345;0;530;7;6;524;6;524;190;165;50;59;121;108;100;108;14;20;11;13;13;12;;11;9;4;1;0;;1;;0;;0;3;2;;8;0;0;;0;;0;;0;12;13;;0;0;;;;;;;
08.10.2023;Landtagswahl 2023;06411000;890;00890 - Zinn-Schule, Brechtstr.;1;1;1204;822;382;0;438;4;7;431;6;432;144;122;49;64;91;84;88;90;15;14;12;13;10;6;;7;5;5;5;4;;3;;0;;1;3;0;;0;1;1;;5;;0;;0;5;9;;4;3;;;;;;;
08.10.2023;Landtagswahl 2023;06411000;900;00900 - Frankensteinschule;1;1;1203;819;384;0;609;5;7;602;6;603;189;173;159;169;143;86;40;47;34;48;13;16;9;9;;6;;4;;3;;3;;0;;0;;2;;0;;0;;7;0;0;;0;15;28;;2;0;;;;;;;
08.10.2023;Landtagswahl 2023;06411000;910;00910 - Andersenschule;1;1;673;510;163;0;324;0;2;322;4;320;106;90;52;61;81;57;40;49;11;18;13;15;7;3;;0;;6;;3;;0;;1;;2;;0;;0;;2;;1;3;1;;0;9;9;;2;0;;;;;;;
08.10.2023;Landtagswahl 2023;06411000;920;00920 - Andersenschule;1;1;996;769;227;0;423;2;8;415;3;420;115;113;55;70;120;71;91;101;11;18;8;14;9;6;;10;;0;;1;;1;;0;;2;;0;;1;;2;;0;0;0;;0;5;8;;2;1;;;;;;;
08.10.2023;Landtagswahl 2023;06411000;930;00930 - Andersenschule;1;1;751;577;174;0;340;7;4;336;3;337;114;102;49;65;81;55;49;53;13;15;12;14;10;8;;5;;2;;0;;2;;0;;2;;3;;0;;0;;3;1;1;;0;7;7;;0;0;;;;;;;
08.10.2023;Landtagswahl 2023;06411000;940;00940 - Gutenbergschule;1;1;955;685;270;0;440;1;7;433;3;437;109;106;82;103;109;67;60;66;16;22;25;18;14;8;;7;;3;;2;;3;;1;;2;;0;;1;;0;;4;1;1;;0;16;21;;2;1;;;;;;;
08.10.2023;Landtagswahl 2023;06411000;950;00950 - Gutenbergschule;1;1;963;652;311;0;469;8;4;465;3;466;104;97;108;131;130;77;43;50;19;26;15;22;21;10;;7;;6;;1;;2;;0;;0;;3;;0;;0;;5;1;1;;1;22;27;;0;2;;;;;;;
08.10.2023;Landtagswahl 2023;06411000;960;00960 - Geibelsche Schmiede;1;1;1269;907;362;0;593;11;5;588;3;590;172;163;139;175;134;66;55;60;27;31;27;29;17;15;;7;;9;;2;;2;;0;;5;;0;;1;;0;;2;1;1;;0;15;20;;2;1;;;;;;;
08.10.2023;Landtagswahl 2023;06411000;970;00970 - Geibelsche Schmiede;1;1;933;644;289;0;429;7;4;425;4;425;118;111;107;132;90;45;50;58;19;19;18;18;7;8;;5;;1;;2;;1;;0;;0;;2;;0;;0;;3;1;1;;1;14;18;;0;1;;;;;;;
08.10.2023;Landtagswahl 2023;06411000;980;00980 - Ludwig-Schwamb-Schule;1;1;847;599;248;0;402;4;6;396;2;400;77;73;112;127;113;72;39;40;10;14;22;25;9;3;;9;;6;;1;;5;;0;;2;;2;;0;;1;;2;0;0;;0;14;17;;1;0;;;;;;;
08.10.2023;Landtagswahl 2023;06411000;990;00990 - Ludwig-Schwamb-Schule;1;1;872;742;130;0;261;1;7;254;6;255;69;63;33;45;64;38;58;63;6;12;9;16;10;6;;1;;2;;0;;0;;0;;0;;0;;1;;1;;0;1;1;;0;2;4;;2;2;;;;;;;
08.10.2023;Landtagswahl 2023;06411000;1000;01000 - Ludwig-Schwamb-Schule;1;1;899;671;228;0;411;1;8;403;7;404;100;93;80;105;97;58;72;74;14;14;15;18;8;3;;4;;2;;1;;0;;0;;1;;2;;2;;0;;3;0;1;;0;16;23;;0;1;;;;;;;
08.10.2023;Landtagswahl 2023;06411000;1010;01010 - Ludwig-Schwamb-Schule;1;1;1034;645;389;0;475;4;2;473;1;474;180;168;111;130;98;66;36;42;22;29;7;11;5;5;;0;;2;;0;;2;;0;;1;;0;;0;;0;;2;1;0;;0;13;16;;0;0;;;;;;;
08.10.2023;Landtagswahl 2023;06411000;1020;01020 - Haus der Vielfalt;1;1;757;652;105;0;236;1;4;232;4;232;51;46;29;27;44;30;83;88;7;10;10;9;6;8;;4;;2;;1;;0;;0;;1;;0;;1;;1;;0;0;0;;0;2;4;;0;0;;;;;;;
08.10.2023;Landtagswahl 2023;06411000;1030;01030 - Haus der Vielfalt;1;1;988;837;151;0;319;2;5;314;5;314;63;60;29;36;59;44;125;128;12;12;18;15;4;3;;4;;6;;2;;1;;0;;0;;0;;0;;0;;1;0;0;;0;3;2;;0;1;;;;;;;
08.10.2023;Landtagswahl 2023;06411000;1040;01040 - Frankensteinschule;1;1;1008;662;346;0;479;9;7;472;2;477;164;142;111;127;78;49;37;51;39;53;21;15;11;2;;8;;2;;0;;2;;0;;3;;0;;0;;0;;6;1;2;;1;10;13;;1;0;;;;;;;
08.10.2023;Landtagswahl 2023;06411000;1050;01050 - Frankensteinschule;1;1;834;532;302;0;355;2;6;349;7;348;137;119;78;97;64;39;29;31;15;17;10;16;9;6;;4;;0;;0;;3;;0;;1;;1;;0;;0;;1;0;0;;0;6;13;;0;1;;;;;;;
08.10.2023;Landtagswahl 2023;06411000;91010;91010;1;1;0;0;0;0;535;535;4;531;4;531;91;95;173;155;93;91;28;25;23;24;32;33;13;9;;13;13;11;0;3;;3;;0;;5;8;7;;1;2;1;;1;;0;;0;53;50;;4;2;;;;;;;
08.10.2023;Landtagswahl 2023;06411000;91011;91011;1;1;0;0;0;0;429;429;6;423;3;426;73;66;149;146;74;64;29;31;22;32;25;26;11;12;;11;7;5;0;1;;2;;0;;0;1;1;;0;0;0;;1;;0;;0;31;26;;2;1;;;;;;;
08.10.2023;Landtagswahl 2023;06411000;91012;91012;1;1;0;0;0;0;483;483;3;480;2;481;90;87;153;159;85;67;25;30;18;27;34;40;7;9;;2;10;7;2;1;;0;;0;;3;2;3;;0;1;0;;1;;2;;0;50;41;;2;3;;;;;;;
08.10.2023;Landtagswahl 2023;06411000;91013;91013;1;1;0;0;0;0;459;459;4;455;3;456;88;90;155;152;69;63;18;19;22;30;27;24;4;4;;5;4;4;2;1;;0;;1;;3;5;6;;0;0;0;;0;;1;;0;56;47;;6;5;;;;;;;
08.10.2023;Landtagswahl 2023;06411000;91014;91014;1;1;0;0;0;0;513;513;3;510;3;510;116;115;153;159;85;69;31;38;22;24;22;27;16;16;;8;10;8;8;4;;1;;0;;3;2;0;;0;0;0;;0;;0;;0;41;35;;3;4;;;;;;;
08.10.2023;Landtagswahl 2023;06411000;91015;91015;1;1;0;0;0;0;543;543;1;542;1;542;102;104;146;150;111;99;38;36;38;43;28;28;6;11;;3;11;5;4;3;;1;;0;;1;5;3;;0;2;1;;3;;3;;0;48;45;;3;3;;;;;;;
08.10.2023;Landtagswahl 2023;06411000;91016;91016;1;1;0;0;0;0;311;311;3;308;2;309;66;61;104;113;53;42;9;8;16;23;16;15;8;10;;7;1;0;3;2;;1;;0;;1;2;1;;1;0;0;;1;;0;;0;27;22;;1;3;;;;;;;
08.10.2023;Landtagswahl 2023;06411000;92020;92020;1;1;0;0;0;0;583;583;7;576;5;578;70;81;180;189;108;90;41;39;22;21;56;54;14;11;;12;11;7;4;2;;3;;0;;9;12;9;;0;1;1;;4;;0;;0;48;42;;4;9;;;;;;;
08.10.2023;Landtagswahl 2023;06411000;92021;92021;1;1;0;0;0;0;529;529;5;524;5;524;75;77;211;214;74;72;29;29;12;16;46;47;11;8;;3;13;7;5;3;;4;;1;;5;2;1;;0;0;1;;3;;1;;0;39;27;;5;7;;;;;;;
08.10.2023;Landtagswahl 2023;06411000;92022;92022;1;1;0;0;0;0;623;623;3;620;3;620;106;112;213;220;107;93;38;41;24;25;45;50;17;15;;4;4;1;3;4;;1;;0;;1;5;4;;0;1;0;;2;;1;;0;51;43;;3;6;;;;;;;
08.10.2023;Landtagswahl 2023;06411000;92023;92023;1;1;0;0;0;0;497;497;3;494;2;495;82;83;148;166;87;66;45;51;16;17;30;31;10;9;;4;13;13;1;0;;1;;0;;1;0;1;;0;1;2;;0;;0;;0;57;48;;2;4;;;;;;;
08.10.2023;Landtagswahl 2023;06411000;92024;92024;1;1;0;0;0;0;551;551;3;548;4;547;63;73;209;207;101;76;27;30;17;20;45;49;12;13;;6;7;7;3;6;;2;;1;;5;6;4;;1;2;1;;4;;0;;0;52;41;;1;4;;;;;;;
08.10.2023;Landtagswahl 2023;06411000;92025;92025;1;1;0;0;0;0;521;521;6;515;4;517;64;67;174;184;104;79;19;20;18;23;38;50;11;8;;5;15;13;5;4;;1;;0;;3;5;4;;0;4;3;;3;;1;;1;54;43;;5;4;;;;;;;
08.10.2023;Landtagswahl 2023;06411000;92026;92026;1;1;0;0;0;0;589;589;9;580;6;583;89;95;161;174;135;109;59;63;17;19;42;49;6;5;;10;10;7;3;1;;2;;1;;3;2;2;;1;2;2;;3;;0;;1;51;32;;4;3;;;;;;;
08.10.2023;Landtagswahl 2023;06411000;92027;92027;1;1;0;0;0;0;665;665;4;661;2;663;88;82;252;260;101;81;33;34;33;41;40;56;12;9;;8;10;7;2;2;;0;;0;;2;5;5;;0;0;0;;2;;1;;0;80;72;;1;5;;;;;;;
08.10.2023;Landtagswahl 2023;06411000;92028;92028;1;1;0;0;0;0;504;504;3;501;2;502;105;108;170;169;76;57;32;38;22;24;39;40;7;5;;9;6;4;2;2;;3;;0;;4;6;3;;0;1;0;;0;;0;;0;31;33;;3;4;;;;;;;
08.10.2023;Landtagswahl 2023;06411000;93030;93030;1;1;0;0;0;0;612;612;4;608;1;611;130;141;213;208;97;80;25;30;22;29;26;34;10;8;;8;7;4;4;2;;3;;0;;1;7;5;;1;1;1;;5;;0;;0;61;49;;2;5;;;;;;;
08.10.2023;Landtagswahl 2023;06411000;93031;93031;1;1;0;0;0;0;408;408;1;407;0;408;167;175;86;72;60;53;23;25;26;28;8;9;5;5;;4;6;7;2;1;;0;;0;;3;1;1;;0;0;0;;2;;1;;0;22;21;;1;1;;;;;;;
08.10.2023;Landtagswahl 2023;06411000;93032;93032;1;1;0;0;0;0;599;599;8;591;3;596;190;195;169;178;86;66;30;35;39;34;30;37;8;4;;6;2;3;0;1;;0;;0;;1;3;2;;0;0;0;;3;;0;;0;34;29;;2;0;;;;;;;
08.10.2023;Landtagswahl 2023;06411000;93033;93033;1;1;0;0;0;0;341;341;4;337;3;338;69;82;96;88;55;52;22;24;9;17;22;22;7;3;;5;6;2;1;1;;0;;0;;2;1;3;;0;0;0;;1;;0;;0;45;32;;4;4;;;;;;;
08.10.2023;Landtagswahl 2023;06411000;93034;93034;1;1;0;0;0;0;563;563;5;558;4;559;111;134;144;140;106;101;45;39;25;26;31;32;21;15;;8;7;4;1;1;;0;;0;;6;1;2;;0;0;0;;6;;1;;0;64;43;;1;2;;;;;;;
08.10.2023;Landtagswahl 2023;06411000;93035;93035;1;1;0;0;0;0;406;406;4;402;1;405;86;92;130;136;68;49;22;22;11;16;28;31;9;6;;5;5;3;1;0;;1;;0;;4;1;2;;0;2;1;;4;;0;;0;33;29;;4;6;;;;;;;
08.10.2023;Landtagswahl 2023;06411000;93036;93036;1;1;0;0;0;0;387;387;3;384;0;387;100;111;91;94;60;52;27;33;23;25;16;14;15;9;;7;8;4;2;1;;1;;0;;1;6;4;;0;1;1;;2;;0;;0;35;27;;1;0;;;;;;;
08.10.2023;Landtagswahl 2023;06411000;94040;94040;1;1;0;0;0;0;473;473;4;469;3;470;123;129;120;148;118;73;9;9;34;35;15;19;15;8;;0;;2;;0;;0;;0;;2;;1;;0;;0;;1;0;0;;0;32;36;;7;3;;;;;;;
08.10.2023;Landtagswahl 2023;06411000;94041;94041;1;1;0;0;0;0;444;444;2;442;2;442;162;160;112;136;98;52;5;11;26;31;11;18;6;4;;3;;2;;0;;0;;0;;1;;0;;0;;1;;0;1;1;;0;17;18;;4;4;;;;;;;
08.10.2023;Landtagswahl 2023;06411000;94042;94042;1;1;0;0;0;0;607;607;1;606;3;604;145;140;178;192;150;102;34;35;26;33;26;27;8;8;;7;;8;;2;;2;;0;;1;;1;;1;;0;;1;0;0;;0;33;36;;8;6;;;;;;;
08.10.2023;Landtagswahl 2023;06411000;94043;94043;1;1;0;0;0;0;571;571;6;565;2;569;116;124;156;192;179;92;30;35;10;19;23;36;17;13;;8;;3;;0;;0;;0;;6;;1;;0;;0;;2;0;0;;1;33;37;;0;1;;;;;;;
08.10.2023;Landtagswahl 2023;06411000;94044;94044;1;1;0;0;0;0;665;665;2;663;0;665;93;94;234;243;169;88;45;51;24;27;31;40;14;11;;16;;4;;2;;4;;0;;4;;3;;1;;0;;2;4;3;;0;48;70;;2;1;;;;;;;
08.10.2023;Landtagswahl 2023;06411000;94045;94045;1;1;0;0;0;0;409;409;2;407;0;409;93;93;129;151;110;69;11;17;17;14;19;29;10;9;;3;;3;;0;;1;;0;;2;;0;;0;;0;;0;0;0;;0;16;18;;0;2;;;;;;;
08.10.2023;Landtagswahl 2023;06411000;95050;95050;1;1;0;0;0;0;521;521;7;514;2;519;134;142;124;138;140;84;30;39;20;23;25;30;8;7;;12;;3;;2;;1;;0;;0;;1;;1;;0;;0;1;2;;0;30;34;;0;2;;;;;;;
08.10.2023;Landtagswahl 2023;06411000;95051;95051;1;1;0;0;0;0;436;436;5;431;1;435;72;76;126;133;105;58;36;37;25;28;24;26;12;8;;4;;12;;1;;1;;0;;3;;3;;0;;1;;5;0;0;;0;26;35;;4;5;;;;;;;
08.10.2023;Landtagswahl 2023;06411000;95052;95052;1;1;0;0;0;0;572;572;11;561;11;561;132;132;135;138;143;95;43;43;26;37;16;23;21;10;;11;;3;;0;;2;;1;;6;;1;;1;;1;;4;1;0;;0;41;52;;1;3;;;;;;;
08.10.2023;Landtagswahl 2023;06411000;95053;95053;1;1;0;0;0;0;649;649;5;644;2;647;152;160;148;148;178;131;55;58;28;35;20;27;23;15;;14;;6;;7;;1;;0;;3;;1;;0;;1;;3;0;0;;0;37;35;;2;3;;;;;;;
08.10.2023;Landtagswahl 2023;06411000;95054;95054;1;1;0;0;0;0;488;488;6;482;3;485;121;125;77;99;172;126;41;44;19;27;15;20;14;6;;10;;6;;3;;0;;1;;0;;0;;1;;0;;1;1;0;;0;18;15;;1;4;;;;;;;
08.10.2023;Landtagswahl 2023;06411000;95055;95055;1;1;0;0;0;0;416;416;7;409;7;409;103;113;59;68;144;99;50;62;22;23;6;9;7;6;;5;;2;;1;;1;;0;;1;;1;;1;;0;;1;1;0;;0;13;12;;4;4;;;;;;;
08.10.2023;Landtagswahl 2023;06411000;96060;96060;1;1;0;0;0;0;494;494;5;489;4;490;137;134;76;88;114;103;61;61;34;37;13;15;11;13;;7;4;0;4;2;;0;;0;;2;3;2;;1;0;0;;1;;1;;0;27;23;;0;5;;;;;;;
08.10.2023;Landtagswahl 2023;06411000;96061;96061;1;1;0;0;0;0;317;317;2;315;0;317;78;96;48;59;89;77;47;40;14;9;5;7;12;8;;2;1;0;0;1;;1;;0;;0;5;4;;1;0;0;;0;;0;;0;15;11;;1;1;;;;;;;
08.10.2023;Landtagswahl 2023;06411000;96062;96062;1;1;0;0;0;0;343;343;3;340;1;342;88;86;62;74;110;94;25;30;16;21;9;7;8;5;;3;4;3;2;1;;2;;0;;1;3;1;;0;0;0;;1;;0;;0;13;12;;1;0;;;;;;;
08.10.2023;Landtagswahl 2023;06411000;96063;96063;1;1;0;0;0;0;510;510;6;504;5;505;165;162;94;96;124;100;36;39;19;24;14;19;9;7;;8;5;4;2;4;;0;;0;;3;3;4;;1;1;0;;1;;0;;0;29;32;;1;3;;;;;;;
08.10.2023;Landtagswahl 2023;06411000;96064;96064;1;1;0;0;0;0;484;484;3;481;1;483;146;155;80;88;133;102;44;50;27;31;13;11;4;4;;7;9;6;1;0;;1;;0;;3;3;2;;1;0;0;;1;;0;;0;20;20;;1;1;;;;;;;
08.10.2023;Landtagswahl 2023;06411000;96065;96065;1;1;0;0;0;0;493;493;7;486;3;490;142;154;80;91;140;110;43;44;22;20;15;19;9;8;;8;8;8;3;1;;2;;0;;1;2;3;;1;1;0;;1;;0;;0;18;17;;2;3;;;;;;;
08.10.2023;Landtagswahl 2023;06411000;96066;96066;1;1;0;0;0;0;480;480;5;475;2;478;132;134;82;86;127;109;59;61;20;29;16;18;9;9;;5;7;5;3;2;;1;;0;;2;4;4;;1;1;0;;0;;0;;0;14;12;;0;1;;;;;;;
08.10.2023;Landtagswahl 2023;06411000;97070;97070;1;1;0;0;0;0;494;494;7;487;4;490;148;151;117;138;118;66;47;47;28;34;11;14;6;5;;8;;2;;1;;0;;0;;0;;0;;0;;0;;1;0;0;;0;11;23;;0;1;;;;;;;
08.10.2023;Landtagswahl 2023;06411000;97071;97071;1;1;0;0;0;0;465;465;2;463;5;460;184;173;80;100;102;62;38;34;28;48;9;12;14;11;;3;;2;;1;;0;;0;;0;;0;;0;;0;;1;1;0;;0;5;12;;1;2;;;;;;;
08.10.2023;Landtagswahl 2023;06411000;97072;97072;1;1;0;0;0;0;504;504;5;499;2;502;179;181;88;106;117;80;52;58;21;25;12;16;9;6;;9;;2;;1;;1;;0;;0;;1;;1;;0;;1;3;1;;0;17;13;;0;1;;;;;;;
08.10.2023;Landtagswahl 2023;06411000;97073;97073;1;1;0;0;0;0;451;451;2;449;0;451;128;132;98;112;125;84;47;53;18;18;14;12;8;9;;7;;4;;1;;0;;0;;0;;2;;0;;0;;2;1;1;;0;6;11;;3;4;;;;;;;
08.10.2023;Landtagswahl 2023;06411000;97074;97074;1;1;0;0;0;0;510;510;3;507;1;509;154;162;104;128;142;93;33;33;27;35;14;16;12;10;;9;;1;;1;;1;;1;;1;;0;;0;;0;;2;0;0;;0;20;16;;0;1;;;;;;;
08.10.2023;Landtagswahl 2023;06411000;97075;97075;1;1;0;0;0;0;445;445;3;442;0;445;144;142;91;106;107;70;29;32;18;22;18;18;16;12;;12;;1;;1;;2;;1;;0;;0;;0;;1;;3;1;0;;0;17;19;;3;1;;;;;;;
08.10.2023;Landtagswahl 2023;06411000;97076;97076;1;1;0;0;0;0;445;445;5;440;3;442;132;136;101;112;120;85;28;29;13;20;13;13;13;9;;3;;3;;3;;2;;0;;4;;0;;2;;0;;0;2;2;;0;16;18;;1;2;;;;;;;
08.10.2023;Landtagswahl 2023;06411000;97077;97077;1;1;0;0;0;0;467;467;4;463;3;464;167;174;91;99;112;71;43;51;19;24;4;7;11;5;;2;;3;;1;;1;;0;;1;;0;;0;;0;;0;1;1;;0;13;21;;3;2;;;;;;;
08.10.2023;Landtagswahl 2023;06411000;98080;98080;1;1;0;0;0;0;573;573;9;564;7;566;171;175;59;70;152;140;63;66;28;22;21;18;23;17;;5;5;7;7;2;;5;;0;;4;0;1;;2;2;1;;1;;0;;0;29;25;;5;4;;;;;;;
08.10.2023;Landtagswahl 2023;06411000;98081;98081;1;1;0;0;0;0;522;522;12;510;7;515;160;161;90;101;119;108;52;58;25;27;18;16;18;8;;6;6;5;0;0;;0;;0;;1;4;1;;2;0;0;;1;;0;;0;17;18;;2;1;;;;;;;
08.10.2023;Landtagswahl 2023;06411000;99090;99090;1;1;0;0;0;0;450;450;6;444;5;445;102;96;146;152;73;55;36;41;17;17;28;42;7;7;;2;5;3;2;1;;0;;0;;1;2;1;;0;0;0;;3;;2;;0;23;21;;1;3;;;;;;;
08.10.2023;Landtagswahl 2023;06411000;99091;99091;1;1;0;0;0;0;566;566;10;556;8;558;174;176;120;148;108;85;64;67;17;17;19;18;11;10;;1;6;7;3;3;;1;;1;;1;2;1;;0;0;0;;1;;0;;0;31;21;;0;1;;;;;;;
08.10.2023;Landtagswahl 2023;06411000;99092;99092;1;1;0;0;0;0;529;529;4;525;1;528;153;159;125;135;97;83;51;51;25;23;24;20;10;6;;7;3;3;4;5;;0;;1;;0;0;0;;2;0;0;;2;;1;;0;32;30;;0;1;;;;;;;
