WAHLBEZIRK,Insgesamt_Bevoelkerung_x,Unter10,a10bis19,a20bis29,a30bis39,a40bis49,a50bis59,a60bis69,a70bis79,a80undaelter,1_Person,2_Personen,3_Personen,4_Personen,5_Personen,6_Personen_und_mehr,Anzahl_Auslaender,Anzahl_FlaechejeBew,Gesamtalter,AnzahlWohnungen,HHGroesse,Miete,Anzahl_Eigentuemer,Leerstand,Anteil_Auslaender,FlaechejeBew,Durchschnittsalter,Mean_HHGroesse,Durchschnittsmiete_qm,Anteil_Eigentuemer,Leerstandsquote,gebiet-nr,Insgesamt,SPD,CDU,Grüne,FDP,AfD,Linke,Anteil_SPD,Anteil_CDU,Anteil_Grüne,Anteil_FDP,Anteil_AfD,Anteil_Linke
10,1098,46.0,49.0,459.0,207.0,102.0,105.0,71.0,34.0,27.0,527.0,167.0,41.0,13.0,6.0,9.0,378.002,48919.39,38512.61,522.0,762.96,6184.4,34.857299999999995,16.6444,0.34426411657559197,44.553178506375225,35.07523679417122,1.461609195402299,11.847509578544061,0.06677643678160919,0.03188582375478927,10,447,51,58,117,29,28,103,0.11409395973154363,0.1297539149888143,0.26174496644295303,0.06487695749440715,0.06263982102908278,0.23042505592841164
20,1374,65.0,79.0,502.0,303.0,148.0,116.0,69.0,33.0,39.0,509.0,166.0,67.0,49.0,16.0,12.0,475.457,65852.9,48336.83,607.0,1052.74,6049.780000000001,31.918699999999998,9.3579,0.3460385735080058,47.92787481804949,35.179643377001454,1.734332784184514,9.96668863261944,0.05258434925864909,0.015416639209225702,20,358,52,43,93,16,30,87,0.1452513966480447,0.12011173184357542,0.25977653631284914,0.0446927374301676,0.08379888268156424,0.2430167597765363
30,1420,87.0,103.0,481.0,248.0,159.0,158.0,94.0,72.0,28.0,534.0,156.0,58.0,58.0,16.0,11.0,300.2284,56689.95,50216.17,524.0,917.35,5455.33,53.262299999999996,15.2166,0.21142845070422536,39.9225,35.3635,1.7506679389312978,10.410935114503816,0.1016456106870229,0.029039312977099236,30,324,39,39,98,14,26,76,0.12037037037037036,0.12037037037037036,0.30246913580246915,0.043209876543209874,0.08024691358024691,0.2345679012345679
40,1250,62.0,68.0,425.0,324.0,141.0,105.0,67.0,36.0,13.0,611.0,136.0,68.0,24.0,4.0,9.0,582.0047,50509.39,43262.23,610.0,965.51,8325.79,54.660000000000004,14.4729,0.46560376,40.407512,34.609784000000005,1.5828032786885247,13.648836065573771,0.08960655737704919,0.02372606557377049,40,371,59,65,100,18,43,63,0.15902964959568733,0.1752021563342318,0.2695417789757412,0.04851752021563342,0.11590296495956873,0.16981132075471697
50,1879,83.0,52.0,675.0,369.0,201.0,210.0,123.0,71.0,98.0,948.0,196.0,50.0,48.0,9.0,16.0,740.441,75242.23,71626.24,1150.0,1732.45,12504.16,68.88459999999999,49.306200000000004,0.3940612027674295,40.04376263970197,38.11934007450772,1.5064782608695653,10.873182608695652,0.059899652173913034,0.04287495652173914,50,407,76,38,68,18,52,123,0.18673218673218672,0.09336609336609336,0.16707616707616707,0.044226044226044224,0.12776412776412777,0.3022113022113022
60,2313,158.0,118.0,765.0,414.0,223.0,244.0,170.0,98.0,117.0,874.0,274.0,90.0,40.0,33.0,10.0,835.8415,92860.11,87033.51,1058.0,1694.55,10951.56,34.4871,30.695,0.36136683960224814,40.147042801556424,37.62797665369649,1.6016540642722117,10.351190926275992,0.03259650283553875,0.029012287334593573,60,522,69,55,119,22,77,127,0.13218390804597702,0.1053639846743295,0.22796934865900384,0.0421455938697318,0.1475095785440613,0.24329501915708812
90,1816,139.0,127.0,445.0,320.0,204.0,251.0,161.0,120.0,41.0,530.0,286.0,103.0,55.0,19.0,20.0,367.2232,89115.84,70264.76999999999,831.0,1503.46,8107.16,123.9401,21.1448,0.20221541850220265,49.072599118942726,38.692053964757704,1.8092178098676295,9.755908543922985,0.1491457280385078,0.025445006016847172,90,710,114,74,196,34,46,185,0.16056338028169015,0.10422535211267606,0.27605633802816903,0.04788732394366197,0.0647887323943662,0.2605633802816901
100,1485,156.0,129.0,311.0,271.0,189.0,196.0,128.0,97.0,37.0,338.0,181.0,99.0,74.0,18.0,6.0,209.0106,80208.53,56062.4,507.0,1034.88,4976.45,120.8532,8.3704,0.14074787878787878,54.012478114478114,37.75245791245791,2.0411834319526627,9.815483234714003,0.23836923076923078,0.016509664694280078,100,705,101,104,230,22,51,136,0.14326241134751774,0.1475177304964539,0.3262411347517731,0.031205673758865248,0.07234042553191489,0.19290780141843972
120,2259,332.0,240.0,463.0,429.0,262.0,216.0,153.0,68.0,54.0,406.0,161.0,85.0,53.0,12.0,19.0,1117.4380999999998,103686.15,75591.16,617.0,1185.31,5142.98,47.2333,12.0274,0.49466051350154927,45.89913678618858,33.46222222222222,1.9210858995137763,8.33546191247974,0.07655316045380875,0.019493354943273908,120,348,55,49,49,11,84,43,0.15804597701149425,0.14080459770114942,0.14080459770114942,0.031609195402298854,0.2413793103448276,0.1235632183908046
130,1607,111.0,113.0,421.0,261.0,169.0,217.0,154.0,104.0,53.0,413.0,322.0,81.0,60.0,13.0,3.0,251.9778,74441.48,62828.74,614.0,1123.32,5719.43,124.5383,20.477,0.15680012445550714,46.32326073428749,39.09691350342253,1.8295114006514657,9.315032573289903,0.20283110749185668,0.03335016286644951,130,702,108,77,240,19,37,172,0.15384615384615385,0.10968660968660969,0.3418803418803419,0.027065527065527065,0.05270655270655271,0.245014245014245
140,796,43.0,46.0,191.0,103.0,75.0,106.0,103.0,50.0,100.0,239.0,97.0,36.0,22.0,10.0,6.0,89.9885,43548.69,36108.55,317.0,531.52,2879.36,59.323,8.2516,0.11305087939698492,54.709409547738694,45.362500000000004,1.6767192429022082,9.083154574132493,0.18713880126182966,0.026030283911671923,140,433,53,41,156,17,28,107,0.12240184757505773,0.09468822170900693,0.36027713625866054,0.03926096997690531,0.06466512702078522,0.2471131639722864
150,1599,127.0,98.0,453.0,295.0,212.0,156.0,128.0,87.0,31.0,489.0,236.0,92.0,63.0,15.0,9.0,220.012,70308.38,58754.02,741.0,1316.29,7697.98,126.084,18.326,0.13759349593495934,43.970218886804254,36.74422764227642,1.7763697705802968,10.38863697705803,0.17015384615384616,0.02473144399460189,150,579,81,61,180,13,43,147,0.13989637305699482,0.10535405872193437,0.31088082901554404,0.022452504317789293,0.07426597582037997,0.2538860103626943
180,1871,136.0,143.0,439.0,326.0,209.0,260.0,183.0,103.0,44.0,613.0,252.0,116.0,50.0,15.0,18.0,412.506,80287.94,72065.07,933.0,1684.87,8384.95,102.72059999999999,30.6325,0.22047354355959378,42.911779796900056,38.51687332977018,1.8058628081457662,8.987084673097536,0.11009710610932474,0.032832261521972134,180,689,101,63,188,16,66,200,0.14658925979680695,0.09143686502177069,0.2728592162554427,0.023222060957910014,0.09579100145137881,0.29027576197387517
190,1507,120.0,132.0,315.0,263.0,173.0,201.0,158.0,101.0,45.0,460.0,192.0,83.0,58.0,25.0,12.0,290.9918,66672.26,59032.71,670.0,1237.39,6028.900000000001,109.1155,28.148899999999998,0.19309343065693432,44.241712010617114,39.17233576642336,1.846850746268657,8.998358208955224,0.16285895522388058,0.04201328358208955,190,566,92,61,172,11,40,143,0.1625441696113074,0.10777385159010601,0.303886925795053,0.019434628975265017,0.0706713780918728,0.25265017667844525
200,1508,122.0,102.0,358.0,271.0,181.0,177.0,157.0,97.0,47.0,484.0,219.0,83.0,52.0,10.0,19.0,265.0339,64774.33,58568.92,732.0,1304.44,7155.82,103.92099999999999,38.690900000000006,0.17575192307692308,42.95379973474801,38.83880636604774,1.7820218579234974,9.77571038251366,0.14196857923497266,0.052856420765027334,200,464,70,49,153,12,31,120,0.15086206896551724,0.10560344827586207,0.3297413793103448,0.02586206896551724,0.0668103448275862,0.25862068965517243
210,1125,111.0,97.0,207.0,236.0,139.0,166.0,103.0,37.0,25.0,360.0,144.0,67.0,31.0,17.0,10.0,259.9825,48337.08,41668.64,549.0,1018.3,5406.639999999999,52.3882,35.2694,0.23109555555555558,42.96629333333333,37.03879111111111,1.8548269581056465,9.84816029143898,0.0954247723132969,0.06424298724954462,210,563,77,64,156,13,60,137,0.13676731793960922,0.11367673179396093,0.27708703374777977,0.023090586145648313,0.10657193605683836,0.2433392539964476
220,1740,162.0,111.0,440.0,361.0,217.0,183.0,139.0,86.0,46.0,472.0,250.0,99.0,54.0,22.0,24.0,237.0073,81888.27,63741.09,790.0,1516.94,7277.24,97.1725,30.375,0.13621109195402298,47.06222413793104,36.63281034482758,1.9201772151898735,9.211696202531645,0.12300316455696203,0.03844936708860759,220,631,99,60,197,17,39,172,0.15689381933438987,0.09508716323296355,0.312202852614897,0.02694136291600634,0.061806656101426306,0.27258320126782887
230,2155,214.0,149.0,404.0,379.0,275.0,317.0,207.0,109.0,77.0,546.0,273.0,121.0,84.0,24.0,12.0,391.78679999999997,97633.51,84620.75,889.0,1673.99,8068.64,69.8571,12.1859,0.18180361948955914,45.305573085846866,39.26716937354988,1.8830033745781778,9.076085489313837,0.07857941507311586,0.013707424071991001,230,726,114,81,154,14,91,181,0.15702479338842976,0.1115702479338843,0.21212121212121213,0.01928374655647383,0.12534435261707988,0.2493112947658402
240,2221,94.0,183.0,933.0,192.0,113.0,134.0,182.0,202.0,167.0,498.0,275.0,101.0,125.0,53.0,15.0,788.3051,108985.21,86208.39,298.0,628.01,2564.1,71.59009999999999,1.6616,0.35493250787933367,49.07033318325079,38.815123818099956,2.10741610738255,8.604362416107382,0.24023523489932883,0.005575838926174496,240,700,148,94,157,35,59,152,0.21142857142857144,0.13428571428571429,0.22428571428571428,0.05,0.08428571428571428,0.21714285714285714
250,1316,98.0,73.0,328.0,250.0,145.0,151.0,121.0,102.0,32.0,379.0,189.0,72.0,46.0,21.0,10.0,213.98789999999997,66200.2,51469.14,591.0,1121.59,5512.610000000001,85.2625,18.3525,0.16260478723404254,50.304103343465044,39.110288753799395,1.897783417935702,9.327597292724198,0.14426818950930625,0.031053299492385784,250,581,83,50,212,22,41,133,0.14285714285714285,0.08605851979345955,0.3648881239242685,0.0378657487091222,0.07056798623063683,0.2289156626506024
260,1123,94.0,129.0,128.0,100.0,131.0,177.0,127.0,107.0,110.0,232.0,177.0,71.0,63.0,27.0,9.0,62.0062,73417.1,50496.21,243.0,497.4,2514.58,112.7101,4.923,0.055214781834372215,65.37586821015138,44.965458593054315,2.0469135802469136,10.348065843621399,0.4638275720164609,0.020259259259259258,260,516,76,139,147,38,49,39,0.14728682170542637,0.2693798449612403,0.28488372093023256,0.07364341085271318,0.09496124031007752,0.0755813953488372
270,1651,184.0,115.0,119.0,210.0,214.0,237.0,170.0,163.0,193.0,332.0,216.0,92.0,80.0,28.0,12.0,182.0059,110834.37000000001,76111.77,406.0,827.86,4088.2599999999998,147.4482,11.1128,0.1102397940642035,67.13165960024229,46.10040581465778,2.039064039408867,10.069605911330049,0.3631729064039409,0.02737142857142857,270,736,119,229,189,59,54,44,0.16168478260869565,0.3111413043478261,0.25679347826086957,0.08016304347826086,0.07336956521739131,0.059782608695652176
280,2113,229.0,220.0,243.0,290.0,319.0,297.0,196.0,140.0,104.0,389.0,274.0,109.0,130.0,39.0,7.0,189.2239,131424.79,86221.29,524.0,1022.2,5067.29,128.9137,9.283900000000001,0.08955224798864174,62.198196876478946,40.80515380974917,1.950763358778626,9.670400763358778,0.2460185114503817,0.01771736641221374,280,615,79,151,189,36,38,93,0.12845528455284552,0.24552845528455283,0.3073170731707317,0.05853658536585366,0.061788617886178863,0.15121951219512195
290,1487,97.0,80.0,290.0,245.0,158.0,197.0,164.0,139.0,118.0,545.0,237.0,71.0,40.0,13.0,15.0,216.21050000000002,75082.34,65988.16,605.0,984.12,6166.37,160.4179,11.172,0.14540047074646942,50.49249495628783,44.37670477471419,1.6266446280991735,10.192347107438016,0.2651535537190083,0.01846611570247934,290,456,64,76,135,17,48,80,0.14035087719298245,0.16666666666666666,0.29605263157894735,0.03728070175438596,0.10526315789473684,0.17543859649122806
310,1786,119.0,81.0,369.0,332.0,192.0,210.0,188.0,136.0,178.0,666.0,255.0,78.0,49.0,12.0,10.0,380.0148,82746.83,79124.04,848.0,1363.28,8362.63,105.253,17.6981,0.21277424412094065,46.33081187010078,44.30237402015677,1.6076415094339622,9.861591981132074,0.1241191037735849,0.020870400943396226,310,637,124,84,157,23,56,119,0.1946624803767661,0.13186813186813187,0.24646781789638933,0.03610675039246468,0.08791208791208792,0.18681318681318682
320,1745,114.0,105.0,314.0,293.0,191.0,246.0,205.0,133.0,103.0,612.0,228.0,115.0,62.0,17.0,0.0,199.9933,89599.37,75380.17,819.0,1381.43,7984.9,140.7543,23.163800000000002,0.11460934097421203,51.34634383954155,43.19780515759312,1.6867277167277168,9.749572649572649,0.17186117216117217,0.028283028083028086,320,682,101,93,198,23,62,152,0.14809384164222875,0.13636363636363635,0.2903225806451613,0.03372434017595308,0.09090909090909091,0.22287390029325513
330,1414,65.0,110.0,425.0,266.0,138.0,163.0,117.0,78.0,51.0,550.0,195.0,69.0,32.0,12.0,7.0,234.9829,64163.12,53945.66,735.0,1192.6000000000001,7449.969999999999,91.3518,18.5119,0.16618309759547384,45.3770297029703,38.15110325318246,1.6225850340136057,10.136013605442177,0.12428816326530612,0.025186258503401362,330,718,122,81,218,31,67,131,0.16991643454038996,0.11281337047353761,0.30362116991643456,0.04317548746518106,0.09331476323119778,0.18245125348189414
340,1763,116.0,149.0,524.0,214.0,140.0,172.0,171.0,140.0,116.0,359.0,312.0,102.0,55.0,11.0,6.0,355.2528,84562.9,69780.15000000001,403.0,794.09,3990.91,103.6142,6.1487,0.20150470788428812,47.96534316505955,39.58034600113444,1.9704466501240696,9.903002481389578,0.25710719602977666,0.015257320099255582,340,649,96,139,179,40,53,103,0.14791987673343607,0.21417565485362094,0.275808936825886,0.061633281972265024,0.08166409861325115,0.15870570107858242
350,2084,163.0,148.0,499.0,366.0,227.0,248.0,192.0,126.0,102.0,631.0,263.0,127.0,61.0,32.0,13.0,334.6394,112837.52,82397.09999999999,971.0,1727.65,8867.51,90.4188,19.6889,0.16057552783109405,54.14468330134357,39.53795585412667,1.7792481977342947,9.132348094747684,0.09311925849639548,0.020276930998970134,350,637,115,105,175,19,68,96,0.18053375196232338,0.16483516483516483,0.27472527472527475,0.029827315541601257,0.10675039246467818,0.15070643642072212
370,2204,246.0,236.0,352.0,302.0,250.0,306.0,199.0,171.0,134.0,347.0,227.0,134.0,81.0,34.0,31.0,558.8565,112024.24,89350.95,416.0,898.8,3745.15,133.99439999999998,5.1742,0.2535646551724138,50.82769509981851,40.54035843920145,2.160576923076923,9.002764423076924,0.32210192307692304,0.012437980769230769,370,723,154,102,108,24,119,128,0.21300138312586445,0.14107883817427386,0.14937759336099585,0.03319502074688797,0.16459197786998617,0.17704011065006917
380,1512,157.0,86.0,291.0,514.0,183.0,161.0,75.0,17.0,17.0,483.0,237.0,97.0,57.0,9.0,6.0,376.0108,73651.31999999999,51775.07,736.0,1182.04,8738.35,63.0499,18.6997,0.24868439153439154,48.711190476190474,34.242771164021164,1.6060326086956522,11.872758152173914,0.085665625,0.025407201086956523,380,473,74,87,126,32,67,50,0.15644820295983086,0.1839323467230444,0.266384778012685,0.06765327695560254,0.1416490486257928,0.10570824524312897
390,2182,229.0,261.0,320.0,356.0,296.0,270.0,192.0,131.0,98.0,287.0,289.0,165.0,98.0,55.0,9.0,455.5467,99308.27,83522.67,576.0,1369.0900000000001,4058.6699999999996,119.07549999999999,6.0753,0.20877483959670026,45.51249770852429,38.27803391384051,2.3768923611111115,7.046302083333333,0.20672829861111108,0.010547395833333334,390,702,89,99,113,30,152,133,0.1267806267806268,0.14102564102564102,0.16096866096866097,0.042735042735042736,0.21652421652421652,0.18945868945868946
411,1679,157.0,242.0,301.0,196.0,183.0,296.0,220.0,64.0,34.0,395.0,162.0,97.0,114.0,23.0,15.0,407.98259999999993,78244.61,64555.11,296.0,643.09,2530.76,119.9236,2.3813999999999997,0.24299142346634897,46.60191185229303,38.44854675402025,2.1726013513513514,8.549864864864865,0.40514729729729726,0.00804527027027027,411,541,73,41,205,12,41,113,0.13493530499075784,0.07578558225508318,0.3789279112754159,0.022181146025878003,0.07578558225508318,0.2088724584103512
412,1847,282.0,297.0,236.0,243.0,207.0,174.0,198.0,118.0,70.0,155.0,177.0,95.0,108.0,67.0,42.0,769.9887,76212.33,66936.48,449.0,1325.95,3486.54,57.7099,3.6862000000000004,0.41688613968597726,41.26276664861938,36.24064970221981,2.953118040089087,7.765122494432071,0.12852984409799553,0.008209799554565703,412,390,61,58,89,8,49,77,0.1564102564102564,0.14871794871794872,0.2282051282051282,0.020512820512820513,0.12564102564102564,0.19743589743589743
413,1087,117.0,96.0,80.0,131.0,140.0,125.0,117.0,86.0,190.0,279.0,117.0,59.0,44.0,23.0,10.0,120.69720000000001,48642.27,52194.509999999995,217.0,500.3,1947.48,52.9562,2.8140000000000005,0.11103698252069918,44.74909843606255,48.01702851885924,2.3055299539170506,8.974562211981567,0.2440377880184332,0.012967741935483874,413,371,57,61,84,21,50,57,0.15363881401617252,0.16442048517520216,0.22641509433962265,0.05660377358490566,0.1347708894878706,0.15363881401617252
421,2270,296.0,263.0,301.0,297.0,249.0,263.0,238.0,200.0,150.0,353.0,278.0,131.0,117.0,62.0,55.0,785.9999,101498.43,91606.74,550.0,1404.2,4146.35,133.90800000000002,0.0,0.3462554625550661,44.71296475770925,40.355392070484584,2.5530909090909093,7.538818181818183,0.24346909090909094,0.0,421,573,113,78,38,16,152,91,0.19720767888307156,0.13612565445026178,0.06631762652705062,0.027923211169284468,0.26527050610820246,0.15881326352530542
422,1514,185.0,223.0,178.0,216.0,175.0,152.0,134.0,116.0,108.0,206.0,161.0,78.0,80.0,35.0,34.0,423.9931,77918.53,59919.090000000004,404.0,1077.51,3453.07,52.2768,3.4555000000000002,0.2800482826948481,51.46534346103038,39.576677675033025,2.6671039603960396,8.54720297029703,0.1293980198019802,0.008553217821782179,422,444,75,77,55,14,64,111,0.16891891891891891,0.17342342342342343,0.12387387387387387,0.03153153153153153,0.14414414414414414,0.25
431,1803,230.0,237.0,232.0,251.0,197.0,242.0,207.0,96.0,59.0,251.0,195.0,115.0,95.0,48.0,32.0,457.9794,83374.51,68041.47,504.0,1292.3,3341.55,69.0925,13.3171,0.25400965058236274,46.24210205213533,37.73792013311148,2.5640873015873016,6.630059523809524,0.13708829365079364,0.02642281746031746,431,614,98,84,70,14,109,129,0.15960912052117263,0.13680781758957655,0.11400651465798045,0.02280130293159609,0.1775244299674267,0.21009771986970685
432,1366,96.0,116.0,113.0,135.0,154.0,183.0,236.0,202.0,131.0,354.0,252.0,71.0,45.0,22.0,3.0,197.33169999999998,71679.05,66950.27,472.0,842.54,3415.56,109.3626,7.877800000000001,0.14445951683748168,52.473682284041,49.01191068814056,1.7850423728813558,7.23635593220339,0.23170042372881355,0.016690254237288135,432,570,116,120,87,11,113,59,0.20350877192982456,0.21052631578947367,0.15263157894736842,0.01929824561403509,0.19824561403508772,0.10350877192982456
440,950,97.0,77.0,122.0,121.0,88.0,138.0,145.0,77.0,63.0,149.0,151.0,69.0,51.0,9.0,15.0,127.4915,53136.990000000005,41799.159999999996,189.0,399.74,1647.73,80.904,4.057,0.13420157894736842,55.93367368421053,43.99911578947368,2.115026455026455,8.718148148148149,0.42806349206349203,0.02146560846560847,440,376,74,77,52,12,72,49,0.19680851063829788,0.2047872340425532,0.13829787234042554,0.031914893617021274,0.19148936170212766,0.13031914893617022
450,1973,217.0,187.0,241.0,290.0,207.0,275.0,179.0,147.0,218.0,327.0,238.0,98.0,102.0,24.0,37.0,352.6551,97837.99,85472.62,527.0,1151.0900000000001,4632.14,90.901,21.069,0.17874054738976178,49.588438925494174,43.32114546376077,2.1842314990512337,8.789639468690703,0.17248766603415558,0.03997912713472485,450,649,125,111,94,35,119,106,0.1926040061633282,0.17103235747303544,0.1448382126348228,0.053929121725731895,0.18335901386748846,0.1633281972265023
460,1698,173.0,146.0,174.0,199.0,217.0,249.0,178.0,185.0,172.0,287.0,236.0,99.0,70.0,32.0,24.0,226.9935,95381.86,76630.67,387.0,846.76,3258.61,121.2434,7.564399999999999,0.13368286219081274,56.17306242638398,45.12995877502944,2.1880103359173124,8.420180878552971,0.31329043927648575,0.019546253229974157,460,659,144,161,113,26,67,95,0.21851289833080426,0.24430955993930198,0.17147192716236723,0.03945371775417299,0.10166919575113809,0.1441578148710167
481,1588,170.0,165.0,210.0,176.0,209.0,234.0,182.0,146.0,114.0,281.0,215.0,97.0,91.0,41.0,3.0,174.0024,90941.38,68249.03,342.0,726.86,3113.88,132.5829,11.1593,0.10957329974811082,57.267871536523934,42.97797858942065,2.1253216374269006,9.104912280701754,0.387669298245614,0.03262953216374269,481,594,104,149,97,21,77,80,0.1750841750841751,0.25084175084175087,0.1632996632996633,0.03535353535353535,0.12962962962962962,0.13468013468013468
482,1857,193.0,228.0,220.0,223.0,229.0,326.0,239.0,133.0,68.0,268.0,239.0,130.0,102.0,38.0,12.0,275.65549999999996,99812.15000000001,76847.9,388.0,920.17,3168.8,128.5006,5.0653,0.14844130317716744,53.74913839526118,41.38282175551965,2.3715721649484536,8.167010309278352,0.33118711340206186,0.013054896907216494,482,662,106,129,95,37,132,92,0.16012084592145015,0.19486404833836857,0.14350453172205438,0.055891238670694864,0.19939577039274925,0.13897280966767372
483,1510,154.0,168.0,179.0,197.0,187.0,222.0,170.0,136.0,100.0,280.0,210.0,86.0,74.0,36.0,12.0,193.0062,78847.71,64174.7,414.0,864.29,3247.22,111.3032,2.2728,0.12781867549668874,52.21702649006623,42.49980132450331,2.087657004830918,7.843526570048309,0.26884830917874397,0.005489855072463769,483,567,117,129,99,26,83,62,0.20634920634920634,0.2275132275132275,0.1746031746031746,0.04585537918871252,0.14638447971781304,0.10934744268077601
490,1320,122.0,124.0,136.0,153.0,126.0,236.0,190.0,112.0,126.0,205.0,208.0,82.0,59.0,25.0,9.0,135.9965,74374.21,60107.77,211.0,446.61,1841.25,104.71979999999999,7.4223,0.10302765151515152,56.34409848484849,45.53618939393939,2.1166350710900477,8.726303317535544,0.4963023696682464,0.035176777251184836,490,523,109,123,105,26,76,43,0.2084130019120459,0.23518164435946462,0.20076481835564053,0.0497131931166348,0.14531548757170173,0.08221797323135756
500,1584,157.0,149.0,199.0,210.0,204.0,251.0,186.0,109.0,96.0,308.0,208.0,93.0,73.0,35.0,9.0,264.988,82999.64,66969.5,361.0,760.18,3045.52,126.8331,9.2151,0.16729040404040404,52.398762626262624,42.27872474747475,2.1057617728531857,8.43634349030471,0.3513382271468144,0.025526592797783933,500,549,104,111,101,16,82,72,0.1894353369763206,0.20218579234972678,0.18397085610200364,0.029143897996357013,0.1493624772313297,0.13114754098360656
510,1327,114.0,115.0,256.0,191.0,144.0,201.0,162.0,93.0,72.0,262.0,191.0,86.0,50.0,21.0,12.0,219.00119999999998,69193.28,54976.43,310.0,656.51,2854.46,115.5324,5.0352,0.16503481537302184,52.14263752825923,41.42911077618689,2.117774193548387,9.207935483870967,0.3726851612903226,0.01624258064516129,510,413,87,64,68,17,67,71,0.2106537530266344,0.1549636803874092,0.16464891041162227,0.04116222760290557,0.162227602905569,0.17191283292978207
521,1184,112.0,188.0,95.0,134.0,177.0,225.0,110.0,80.0,51.0,141.0,132.0,71.0,88.0,19.0,12.0,144.6817,59966.83,47852.41,135.0,294.15,1228.6399999999999,60.4656,0.0,0.12219738175675676,50.64766047297297,40.415886824324325,2.178888888888889,9.101037037037036,0.44789333333333337,0.0,521,476,77,119,77,33,93,44,0.16176470588235295,0.25,0.16176470588235295,0.06932773109243698,0.1953781512605042,0.09243697478991597
522,1287,118.0,128.0,125.0,166.0,177.0,175.0,148.0,152.0,84.0,252.0,218.0,66.0,61.0,21.0,18.0,209.5009,71929.53,57516.25,298.0,606.76,2599.17,123.18610000000001,1.5,0.16278236208236208,55.8893006993007,44.69017094017094,2.0361073825503357,8.722046979865771,0.4133761744966443,0.0050335570469798654,522,475,90,102,83,17,74,54,0.18947368421052632,0.21473684210526317,0.17473684210526316,0.035789473684210524,0.15578947368421053,0.11368421052631579
530,1400,130.0,137.0,198.0,208.0,190.0,218.0,164.0,89.0,89.0,264.0,185.0,68.0,75.0,37.0,4.0,193.6591,71673.92,57529.03,317.0,678.04,2795.85,109.6301,5.6805,0.13832792857142856,51.195657142857144,41.09216428571428,2.1389274447949527,8.819716088328075,0.34583627760252367,0.017919558359621453,530,654,149,125,103,39,112,73,0.22782874617737003,0.191131498470948,0.15749235474006115,0.05963302752293578,0.1712538226299694,0.11162079510703364
540,1167,76.0,47.0,315.0,245.0,110.0,99.0,75.0,71.0,96.0,388.0,172.0,59.0,30.0,20.0,12.0,259.0035,55214.310000000005,47203.42,538.0,909.34,5403.76,72.64750000000001,15.3099,0.221939588688946,47.31303341902314,40.4485175664096,1.6902230483271377,10.044163568773234,0.13503252788104092,0.028457063197026025,540,367,63,45,98,13,33,87,0.17166212534059946,0.1226158038147139,0.2670299727520436,0.035422343324250684,0.08991825613079019,0.23705722070844687
550,1431,121.0,90.0,390.0,276.0,159.0,137.0,122.0,86.0,51.0,451.0,204.0,69.0,47.0,16.0,10.0,299.0078,68220.37,54135.95,658.0,1177.9,6715.1,84.0577,8.2401,0.20895024458420683,47.67321453529,37.83085255066387,1.7901215805471127,10.205319148936171,0.12774726443768997,0.012522948328267476,550,617,113,87,156,27,52,119,0.18314424635332252,0.14100486223662884,0.25283630470016205,0.04376012965964344,0.08427876823338736,0.19286871961102106
560,1827,124.0,116.0,476.0,333.0,211.0,228.0,154.0,112.0,76.0,622.0,278.0,86.0,54.0,21.0,20.0,408.0072,84653.49,71795.7,902.0,1575.81,8764.19,86.2603,17.2728,0.2233208538587849,46.33469622331692,39.29704433497537,1.7470177383592018,9.71639689578714,0.09563226164079823,0.019149445676274943,560,573,103,81,139,24,64,111,0.17975567190226877,0.14136125654450263,0.2425828970331588,0.041884816753926704,0.11169284467713787,0.193717277486911
570,1756,163.0,112.0,455.0,309.0,206.0,163.0,183.0,107.0,58.0,522.0,223.0,102.0,70.0,15.0,18.0,365.991,82556.45,66607.18000000001,800.0,1482.26,7783.24,108.78659999999999,35.698800000000006,0.20842312072892938,47.01392369020501,37.93119589977221,1.852825,9.729049999999999,0.13598325,0.04462350000000001,570,618,125,84,158,28,54,126,0.2022653721682848,0.13592233009708737,0.255663430420712,0.045307443365695796,0.08737864077669903,0.20388349514563106
580,1408,109.0,103.0,263.0,259.0,158.0,190.0,134.0,109.0,77.0,447.0,202.0,91.0,46.0,19.0,3.0,239.3516,71505.13,58941.69,676.0,1179.1,6340.45,92.3737,10.3751,0.16999403409090907,50.78489346590909,41.86199573863637,1.744230769230769,9.379363905325443,0.1366474852071006,0.015347781065088757,580,518,94,62,156,29,36,82,0.18146718146718147,0.11969111969111969,0.30115830115830117,0.055984555984555984,0.0694980694980695,0.1583011583011583
600,2254,132.0,253.0,742.0,235.0,178.0,254.0,202.0,174.0,122.0,381.0,442.0,155.0,102.0,43.0,9.0,407.7566,120782.29,87339.34,481.0,951.35,4912.24,120.73440000000001,22.3366,0.18090354924578528,53.58575421472937,38.74859804791482,1.9778586278586279,10.212557172557172,0.2510070686070686,0.046437837837837836,600,873,126,175,268,70,55,126,0.14432989690721648,0.2004581901489118,0.30698739977090495,0.08018327605956473,0.06300114547537228,0.14432989690721648
610,1867,152.0,171.0,197.0,232.0,247.0,275.0,216.0,169.0,157.0,366.0,269.0,94.0,100.0,39.0,9.0,121.1012,127888.05,83112.04,406.0,825.36,4107.63,165.6174,10.1578,0.06486405998928763,68.49922335297269,44.5163577932512,2.0329064039408866,10.117315270935961,0.40792463054187195,0.0250192118226601,610,801,146,235,207,67,43,68,0.1822721598002497,0.2933832709113608,0.25842696629213485,0.08364544319600499,0.05368289637952559,0.08489388264669163
620,1315,95.0,90.0,145.0,189.0,152.0,220.0,163.0,131.0,115.0,320.0,193.0,83.0,48.0,12.0,6.0,108.0071,74960.66,61859.96,335.0,605.49,3551.55,102.3034,6.0213,0.08213467680608365,57.00430418250951,47.041794676806084,1.8074328358208955,10.601641791044777,0.30538328358208955,0.017974029850746268,620,602,121,147,147,41,48,66,0.2009966777408638,0.2441860465116279,0.2441860465116279,0.0681063122923588,0.07973421926910298,0.10963455149501661
630,1509,133.0,151.0,208.0,194.0,186.0,255.0,174.0,125.0,89.0,364.0,233.0,92.0,64.0,12.0,6.0,143.9917,80096.16,64368.05,487.0,922.79,4723.3,152.6579,10.7507,0.0954219350563287,53.078966202783306,42.65609675281644,1.8948459958932238,9.698767967145791,0.3134659137577002,0.022075359342915813,630,588,90,112,204,23,30,95,0.15306122448979592,0.19047619047619047,0.3469387755102041,0.0391156462585034,0.05102040816326531,0.16156462585034015
640,1440,112.0,112.0,268.0,275.0,157.0,170.0,192.0,113.0,49.0,424.0,226.0,70.0,52.0,19.0,13.0,219.99949999999998,69633.31999999999,59511.880000000005,584.0,1055.86,5459.09,153.4686,16.537,0.15277743055555554,48.356472222222216,41.32769444444445,1.8079794520547943,9.347756849315068,0.262788698630137,0.028316780821917808,640,640,104,80,180,35,53,131,0.1625,0.125,0.28125,0.0546875,0.0828125,0.2046875
650,2606,511.0,273.0,539.0,538.0,327.0,187.0,143.0,60.0,32.0,466.0,191.0,160.0,139.0,70.0,39.0,1053.9989,103969.01,79009.43,959.0,2363.71,9624.14,21.4752,7.7236,0.4044508442056792,39.89601304681504,30.318277052954716,2.464765380604797,10.035599582898852,0.022393326381647552,0.008053806047966633,650,856,129,121,221,27,88,169,0.15070093457943926,0.1413551401869159,0.25817757009345793,0.03154205607476635,0.102803738317757,0.19742990654205608
660,1575,115.0,97.0,306.0,243.0,199.0,182.0,210.0,158.0,87.0,488.0,220.0,90.0,45.0,12.0,12.0,218.8169,76931.31,67868.38,611.0,1080.6399999999999,6015.74,112.0349,18.7605,0.13893136507936507,48.84527619047619,43.091034920634925,1.7686415711947625,9.845728314238952,0.18336317512274958,0.030704582651391164,660,608,100,77,150,28,56,139,0.16447368421052633,0.12664473684210525,0.24671052631578946,0.046052631578947366,0.09210526315789473,0.22861842105263158
680,1644,144.0,106.0,217.0,273.0,217.0,289.0,166.0,124.0,103.0,529.0,235.0,94.0,58.0,27.0,9.0,185.0094,91569.08,71345.74,648.0,1127.56,6690.36,166.1592,16.4721,0.11253613138686132,55.69895377128954,43.397652068126526,1.7400617283950617,10.324629629629628,0.2564185185185185,0.02541990740740741,680,697,117,121,210,33,50,121,0.1678622668579627,0.17360114777618366,0.3012912482065997,0.047345767575322814,0.07173601147776183,0.17360114777618366
690,1821,149.0,140.0,322.0,320.0,218.0,244.0,196.0,137.0,94.0,552.0,281.0,89.0,67.0,27.0,19.0,352.0238,89876.0,76100.7,810.0,1456.53,7757.68,115.1827,19.5967,0.1933134541460736,49.355299286106536,41.790609555189455,1.798185185185185,9.577382716049383,0.14220086419753086,0.024193456790123455,690,713,136,126,192,37,72,96,0.19074333800841514,0.1767180925666199,0.26928471248246844,0.051893408134642355,0.10098176718092566,0.13464235624123422
710,1727,116.0,92.0,377.0,333.0,182.0,218.0,167.0,136.0,116.0,617.0,243.0,101.0,56.0,21.0,12.0,369.0034,83649.14,71554.38,857.0,1470.37,8505.95,115.5968,16.5662,0.21366728430804863,48.43609727851766,41.43276201505501,1.715717619603267,9.925262543757293,0.13488541423570596,0.01933045507584597,710,579,94,84,113,23,74,128,0.16234887737478412,0.14507772020725387,0.19516407599309155,0.039723661485319514,0.12780656303972365,0.22107081174438686
720,2382,168.0,154.0,773.0,447.0,257.0,239.0,170.0,108.0,62.0,782.0,390.0,129.0,67.0,21.0,16.0,764.1877,104001.76,85813.2,1055.0,1810.65,10168.460000000001,144.0984,30.2042,0.32081767422334173,43.661528127623846,36.025692695214104,1.7162559241706161,9.638350710900475,0.13658616113744076,0.02862957345971564,720,625,100,74,124,26,88,136,0.16,0.1184,0.1984,0.0416,0.1408,0.2176
730,2301,196.0,153.0,601.0,418.0,259.0,254.0,169.0,157.0,77.0,736.0,310.0,136.0,80.0,30.0,12.0,489.992,101169.01,86753.24,1027.0,1825.04,10195.17,166.851,20.5044,0.21294741416775315,43.9674098218166,37.70240764884833,1.7770593962999026,9.92713729308666,0.16246445959104186,0.019965335929892893,730,690,116,86,173,29,66,148,0.1681159420289855,0.1246376811594203,0.25072463768115943,0.042028985507246375,0.09565217391304348,0.2144927536231884
750,1612,147.0,153.0,235.0,224.0,182.0,217.0,177.0,94.0,162.0,302.0,199.0,81.0,68.0,48.0,14.0,418.32480000000004,67541.45,68605.62,500.0,1023.5999999999999,4537.36,101.2114,8.8184,0.2595066997518611,41.89916253101737,42.559317617866,2.0471999999999997,9.07472,0.20242279999999999,0.0176368,750,452,93,74,73,13,73,71,0.20575221238938052,0.16371681415929204,0.16150442477876106,0.028761061946902654,0.16150442477876106,0.1570796460176991
760,1814,208.0,141.0,275.0,287.0,262.0,242.0,187.0,119.0,104.0,468.0,239.0,99.0,100.0,21.0,9.0,364.9835,84287.07,73954.35,765.0,1427.3600000000001,7014.6,85.1179,14.852599999999999,0.20120369349503858,46.46475744211687,40.76866041896362,1.8658300653594773,9.169411764705883,0.11126522875816994,0.01941516339869281,760,743,152,117,149,30,88,126,0.20457604306864063,0.15746971736204576,0.20053835800807537,0.040376850605652756,0.11843876177658143,0.1695827725437416
780,1930,164.0,173.0,418.0,320.0,255.0,231.0,189.0,130.0,77.0,516.0,240.0,100.0,92.0,32.0,31.0,457.2806,85116.31,75673.85,739.0,1442.89,7010.18,129.6477,18.8927,0.23693295336787565,44.101715025906735,39.20924870466322,1.9524898511502031,9.486035182679297,0.17543667117726655,0.025565223274695535,780,831,141,122,156,19,128,163,0.16967509025270758,0.14681107099879662,0.18772563176895307,0.02286401925391095,0.15403128760529483,0.19614921780986763
790,1897,126.0,133.0,285.0,346.0,221.0,290.0,201.0,161.0,108.0,602.0,282.0,83.0,59.0,18.0,13.0,425.6475,90968.09999999999,81407.04,719.0,1210.16,7715.7,169.0741,14.955200000000001,0.22437928307854507,47.953663679493935,42.91356879283078,1.683115438108484,10.73115438108484,0.23515173852573015,0.020800000000000003,790,643,115,122,171,27,69,86,0.17884914463452567,0.18973561430793157,0.26594090202177295,0.041990668740279936,0.10730948678071539,0.13374805598755832
800,2955,289.0,254.0,979.0,617.0,289.0,189.0,154.0,86.0,51.0,1227.0,324.0,141.0,108.0,40.0,7.0,1173.3953000000001,121190.03,95739.81,1527.0,2595.86,19549.329999999998,41.4239,176.6983,0.39708808798646367,41.011854483925546,32.39925888324873,1.6999738048461035,12.80244269810085,0.02712763588736084,0.11571597904387687,800,671,102,82,148,31,73,149,0.15201192250372578,0.12220566318926974,0.22056631892697467,0.046199701937406856,0.10879284649776454,0.22205663189269748
810,1959,98.0,153.0,742.0,345.0,177.0,182.0,106.0,62.0,38.0,898.0,265.0,83.0,53.0,7.0,9.0,693.1043999999999,82499.26,67066.7,890.0,1374.53,10563.699999999999,51.1473,17.1275,0.35380520673813165,42.11294538029607,34.23517100561511,1.5444157303370787,11.869325842696629,0.057468876404494385,0.01924438202247191,810,465,66,77,117,26,35,85,0.14193548387096774,0.16559139784946236,0.25161290322580643,0.05591397849462366,0.07526881720430108,0.1827956989247312
820,1449,124.0,120.0,149.0,205.0,161.0,239.0,200.0,122.0,114.0,259.0,250.0,85.0,79.0,15.0,6.0,136.5728,81210.28,66005.82,222.0,457.57,2068.0299999999997,96.6572,5.521199999999999,0.09425314009661835,56.045741890959285,45.552670807453424,2.0611261261261262,9.315450450450449,0.4353927927927928,0.024870270270270268,820,609,131,146,122,23,94,56,0.21510673234811165,0.23973727422003285,0.20032840722495895,0.03776683087027915,0.15435139573070608,0.09195402298850575
831,1120,109.0,106.0,156.0,140.0,128.0,174.0,145.0,88.0,58.0,186.0,154.0,69.0,59.0,23.0,6.0,136.5027,57308.86,46782.17,246.0,557.0,2191.58,107.9245,11.1641,0.12187741071428572,51.168625,41.76979464285714,2.2642276422764227,8.908861788617886,0.43871747967479674,0.04538252032520325,831,417,86,95,75,15,63,41,0.20623501199040767,0.2278177458033573,0.17985611510791366,0.03597122302158273,0.1510791366906475,0.09832134292565947
832,1254,141.0,243.0,121.0,112.0,210.0,263.0,142.0,38.0,20.0,68.0,110.0,84.0,89.0,32.0,23.0,168.9924,62043.61,46383.86,131.0,409.79999999999995,937.3100000000001,47.0507,0.0,0.13476267942583733,49.47656299840511,36.98872408293461,3.12824427480916,7.155038167938931,0.3591656488549618,0.0,832,497,80,97,67,22,88,84,0.16096579476861167,0.19517102615694165,0.13480885311871227,0.04426559356136821,0.17706237424547283,0.16901408450704225
840,1879,174.0,148.0,216.0,256.0,210.0,272.0,299.0,172.0,119.0,306.0,306.0,128.0,87.0,15.0,18.0,178.0067,98125.11,84341.09,350.0,739.8199999999999,3310.55,180.9959,2.5406,0.09473480574773815,52.22198509845663,44.88615753060138,2.1137714285714284,9.458714285714287,0.5171311428571429,0.007258857142857142,840,748,160,163,130,43,101,79,0.21390374331550802,0.2179144385026738,0.17379679144385027,0.05748663101604278,0.13502673796791445,0.10561497326203209
850,1541,107.0,111.0,164.0,183.0,163.0,249.0,237.0,172.0,132.0,414.0,232.0,103.0,56.0,13.0,3.0,224.6504,76702.25,73409.96,397.0,731.59,3840.5499999999997,157.6575,10.415600000000001,0.14578221933809213,49.77433484750162,47.6378715120052,1.8427959697732998,9.673929471032745,0.39712216624685137,0.026235768261964738,850,597,113,147,79,36,117,62,0.18927973199329984,0.24623115577889448,0.1323283082077052,0.06030150753768844,0.19597989949748743,0.10385259631490787
860,1381,124.0,114.0,213.0,159.0,172.0,235.0,158.0,107.0,94.0,211.0,196.0,77.0,51.0,18.0,15.0,196.094,73842.81,59815.23,235.0,503.47,2441.27,105.2967,6.2057,0.14199420709630703,53.4705358435916,43.31298334540188,2.1424255319148937,10.388382978723405,0.44807106382978723,0.026407234042553192,860,502,100,137,58,16,87,58,0.199203187250996,0.2729083665338645,0.11553784860557768,0.03187250996015936,0.17330677290836655,0.11553784860557768
870,1047,111.0,84.0,144.0,156.0,99.0,136.0,150.0,78.0,70.0,173.0,171.0,62.0,38.0,6.0,9.0,185.0124,58085.130000000005,44363.07,187.0,409.54,1651.3899999999999,96.1666,1.8231000000000002,0.17670716332378225,55.47767908309456,42.37160458452722,2.1900534759358288,8.830962566844919,0.5142598930481284,0.009749197860962568,870,384,68,76,45,22,77,48,0.17708333333333334,0.19791666666666666,0.1171875,0.057291666666666664,0.20052083333333334,0.125
880,2242,298.0,242.0,273.0,326.0,326.0,267.0,214.0,175.0,114.0,370.0,242.0,138.0,118.0,30.0,21.0,449.7757,119063.96,89476.16,501.0,1078.91,4239.87,155.0999,11.0384,0.20061360392506689,53.10613737734166,39.90908117752007,2.1535129740518966,8.462814371257485,0.30958063872255487,0.02203273453093812,880,741,167,158,80,34,140,76,0.2253711201079622,0.21322537112010798,0.10796221322537113,0.04588394062078273,0.18893387314439947,0.10256410256410256
890,1726,159.0,141.0,198.0,211.0,209.0,262.0,211.0,200.0,136.0,310.0,258.0,93.0,101.0,24.0,13.0,262.0065,100175.18,78411.78,432.0,856.58,3388.39,109.8096,14.3081,0.15179982618771728,58.03892236384704,45.42976825028968,1.9828240740740741,7.84349537037037,0.2541888888888889,0.03312060185185185,890,658,124,160,86,32,120,70,0.1884498480243161,0.24316109422492402,0.13069908814589665,0.0486322188449848,0.182370820668693,0.10638297872340426
900,1602,103.0,196.0,127.0,124.0,213.0,280.0,225.0,193.0,135.0,241.0,271.0,91.0,81.0,20.0,6.0,103.5455,107894.66,76182.19,254.0,513.75,2428.56,126.47030000000001,1.763,0.06463514357053683,67.34997503121099,47.55442571785269,2.0226377952755907,9.561259842519684,0.4979145669291339,0.006940944881889764,900,770,122,235,216,56,47,53,0.15844155844155844,0.3051948051948052,0.2805194805194805,0.07272727272727272,0.06103896103896104,0.06883116883116883
910,951,102.0,93.0,96.0,124.0,102.0,151.0,128.0,113.0,76.0,225.0,127.0,62.0,45.0,8.0,9.0,121.9881,50957.13,42268.02,282.0,529.94,2458.4100000000003,74.62819999999999,1.9885,0.12827350157728706,53.58268138801262,44.44586750788643,1.8792198581560287,8.71776595744681,0.26463900709219856,0.007051418439716312,910,414,72,100,63,14,54,71,0.17391304347826086,0.24154589371980675,0.15217391304347827,0.033816425120772944,0.13043478260869565,0.17149758454106281
920,1450,116.0,126.0,187.0,234.0,206.0,246.0,154.0,101.0,72.0,198.0,157.0,79.0,69.0,9.0,12.0,260.99629999999996,63338.48,61090.11,205.0,436.96000000000004,1826.79,88.81869999999999,10.4985,0.17999744827586203,43.681710344827586,42.13111034482759,2.1315121951219513,8.911170731707317,0.43326195121951216,0.05121219512195122,920,534,103,104,85,22,111,61,0.19288389513108614,0.1947565543071161,0.15917602996254682,0.04119850187265917,0.20786516853932585,0.11423220973782772
930,1336,167.0,151.0,116.0,174.0,157.0,185.0,150.0,115.0,122.0,266.0,159.0,79.0,70.0,27.0,20.0,194.0058,67975.38,57694.61,373.0,840.49,2958.59,93.6421,12.0883,0.14521392215568862,50.8797754491018,43.184588323353296,2.253324396782842,7.931876675603218,0.25105120643431633,0.0324083109919571,930,449,76,109,79,16,76,54,0.16926503340757237,0.24276169265033407,0.1759465478841871,0.035634743875278395,0.16926503340757237,0.12026726057906459
940,1247,115.0,121.0,154.0,177.0,162.0,218.0,132.0,93.0,95.0,297.0,180.0,68.0,64.0,6.0,15.0,197.0028,66693.33,54372.62,333.0,658.91,3084.89,130.155,17.0925,0.1579813953488372,53.483023255813954,43.60274258219727,1.9787087087087085,9.263933933933934,0.39085585585585586,0.05132882882882883,940,560,112,122,108,35,82,59,0.2,0.21785714285714286,0.19285714285714287,0.0625,0.14642857142857144,0.10535714285714286
950,1376,131.0,165.0,158.0,147.0,169.0,231.0,181.0,130.0,66.0,253.0,191.0,97.0,88.0,19.0,6.0,159.0044,74163.45,59374.15,263.0,515.7,2532.7799999999997,121.10390000000001,9.3455,0.11555552325581396,53.89785610465116,43.14981831395349,1.960836501901141,9.630342205323194,0.460471102661597,0.03553422053231939,950,585,106,130,144,24,61,61,0.1811965811965812,0.2222222222222222,0.24615384615384617,0.041025641025641026,0.10427350427350428,0.10427350427350428
960,2072,209.0,223.0,280.0,286.0,291.0,305.0,207.0,144.0,128.0,469.0,253.0,120.0,100.0,28.0,24.0,362.2922,109366.62000000001,85076.43,515.0,972.35,5816.66,168.44,3.9197,0.17485144787644788,52.78311776061776,41.06005308880309,1.8880582524271845,11.294485436893204,0.32706796116504855,0.007611067961165049,960,784,109,232,195,34,76,85,0.13903061224489796,0.29591836734693877,0.24872448979591838,0.04336734693877551,0.09693877551020408,0.10841836734693877
970,1141,63.0,86.0,107.0,121.0,114.0,187.0,175.0,148.0,91.0,237.0,190.0,61.0,39.0,6.0,15.0,69.0894,69736.79000000001,54886.71,237.0,447.42,2143.15,100.2745,7.447900000000001,0.06055162138475022,61.11900964066609,48.104040315512705,1.8878481012658228,9.04282700421941,0.42309915611814347,0.03142573839662448,970,540,96,124,142,32,75,41,0.17777777777777778,0.22962962962962963,0.26296296296296295,0.05925925925925926,0.1388888888888889,0.07592592592592592
980,1318,130.0,142.0,153.0,154.0,134.0,211.0,157.0,103.0,94.0,266.0,186.0,105.0,66.0,9.0,12.0,176.6542,74192.86,57047.99,276.0,549.22,2809.6600000000003,102.9697,8.956700000000001,0.1340320182094082,56.29200303490136,43.28375569044006,1.9899275362318842,10.179927536231885,0.3730786231884058,0.032451811594202906,980,502,82,86,144,28,53,70,0.16334661354581673,0.17131474103585656,0.2868525896414343,0.055776892430278883,0.10557768924302789,0.1394422310756972
990,1796,241.0,193.0,229.0,251.0,238.0,246.0,200.0,114.0,91.0,397.0,198.0,115.0,42.0,24.0,20.0,571.9848000000001,74131.62,71319.51999999999,689.0,1325.53,4696.58,52.0912,23.766,0.3184770601336303,41.275957683741645,39.710200445434296,1.9238461538461538,6.8165166908563135,0.07560406386066763,0.034493468795355586,990,418,77,64,43,20,101,64,0.18421052631578946,0.15311004784688995,0.10287081339712918,0.04784688995215311,0.24162679425837322,0.15311004784688995
1000,1377,102.0,137.0,161.0,159.0,146.0,223.0,162.0,175.0,123.0,365.0,228.0,49.0,73.0,14.0,9.0,253.9992,72121.56,64153.87,474.0,878.88,3753.51,109.4092,15.4027,0.18445838779956428,52.3758605664488,46.58959331880901,1.8541772151898734,7.91879746835443,0.2308210970464135,0.03249514767932489,1000,543,115,107,112,12,80,64,0.21178637200736647,0.19705340699815838,0.20626151012891344,0.022099447513812154,0.14732965009208104,0.11786372007366483
1010,1217,94.0,113.0,82.0,92.0,136.0,183.0,161.0,155.0,150.0,200.0,219.0,55.0,71.0,15.0,6.0,86.1435,80691.76,60700.75,181.0,378.34,1720.63,100.7036,3.274,0.0707834839769926,66.30382908792112,49.87736236647494,2.0902762430939226,9.506243093922652,0.5563734806629834,0.01808839779005525,1010,609,121,172,148,45,44,48,0.1986863711001642,0.2824302134646962,0.24302134646962234,0.07389162561576355,0.0722495894909688,0.07881773399014778
1020,1691,266.0,235.0,228.0,272.0,192.0,186.0,152.0,91.0,96.0,341.0,174.0,96.0,85.0,44.0,22.0,770.0133000000001,69333.99,61455.31,631.0,1444.01,4342.19,75.0232,22.499699999999997,0.45535972797161445,41.00176818450621,36.34258426966292,2.288446909667195,6.881442155309033,0.11889572107765452,0.03565721077654516,1020,402,68,59,36,6,127,50,0.1691542288557214,0.14676616915422885,0.08955223880597014,0.014925373134328358,0.31592039800995025,0.12437810945273632
1030,2071,284.0,337.0,248.0,249.0,256.0,237.0,238.0,130.0,103.0,308.0,231.0,132.0,96.0,65.0,30.0,756.9898,89944.85,77880.38,614.0,1512.61,4252.96,125.4576,23.1062,0.36551897633993236,43.43063737324964,37.60520521487204,2.4635342019543973,6.926644951140065,0.20432833876221498,0.03763224755700326,1030,492,76,66,39,12,171,75,0.15447154471544716,0.13414634146341464,0.07926829268292683,0.024390243902439025,0.3475609756097561,0.1524390243902439
1040,1457,143.0,184.0,109.0,158.0,187.0,250.0,173.0,103.0,106.0,240.0,189.0,86.0,84.0,27.0,3.0,141.881,100941.21,63269.01,240.0,514.36,2282.7,99.9898,1.4078,0.09737886067261496,69.28017158544955,43.42416609471517,2.1431666666666667,9.511249999999999,0.4166241666666667,0.005865833333333333,1040,595,62,171,128,80,73,48,0.10420168067226891,0.28739495798319326,0.21512605042016808,0.13445378151260504,0.1226890756302521,0.08067226890756303
1050,1249,113.0,141.0,91.0,118.0,159.0,195.0,172.0,125.0,134.0,187.0,147.0,81.0,55.0,25.0,0.0,137.507,68886.71,57929.24,217.0,450.13,1993.13,96.9564,4.2859,0.11009367493995197,55.15349079263411,46.380496397117696,2.074331797235023,9.184930875576038,0.4468036866359447,0.01975069124423963,1050,462,73,133,113,28,45,43,0.15800865800865802,0.2878787878787879,0.24458874458874458,0.06060606060606061,0.09740259740259741,0.09307359307359307
